trader,month,round,recommendation_text,reasoning_text,hold_text,avoid_text,avoid_reasoning_text,unfollow_text,unfollow_reasoning_text
Aricka Lewis,1,1,I believe Aricka Lewis's portfolio will see a return of 11.0% next month. I would start to follow her.,"This month is defined by the central bank's decision to raise its benchmark interest rate. A rate hike does not move all sectors together; it transmits through the market unevenly, rewarding some business models while penalising others. The two sectors that matter most this month are financials and technology, which sit at opposite ends of how a rate rise is felt.

For banks and other financial firms, higher rates are a direct tailwind: they widen the net-interest margin, the gap between what banks earn on loans and what they pay on deposits. The frozen factor data reflects this, with financials the strongest sector of the month at +11.0%. Technology, by contrast, is the weakest at −12.0% — growth-oriented technology firms are valued on earnings far in the future, and a higher discount rate erodes the present value of those distant earnings, so rising rates hit them hardest.

Aricka's portfolio is concentrated entirely in financials — a 100% weight, with no allocation to technology or to any of the other four sectors. This makes her position an undiluted bet on exactly the factor that the rate hike rewards, with no competing exposure to drag it in the other direction.

Because the single driver of her holdings is the month's best-performing sector, and nothing in the portfolio offsets it, the return tracks the financials factor almost one-for-one. The projected return is therefore approximately +11.0% next month — the portfolio inherits the full strength of the sector it is committed to.","You are already following Aricka Lewis — she remains my top pick this round. I believe her portfolio will see a return of 11.0% next month, so I would hold this position.",,,,
Priya Nair,1,2,I believe Priya Nair's portfolio will see a return of 1.3% next month. I would start to follow her.,"This month's central-bank rate hike splits this portfolio's three sectors into a clear winner, a clear loser, and a defensive middle, so the outcome turns on whether the rate-sensitive winner can outweigh the growth sector the hike punishes.

The rate hike lifts financials by +11.0% as wider net-interest margins reward banks, while technology falls −12.0% because a higher discount rate erodes the present value of its long-dated earnings. Consumer staples, the sector households lean on regardless of rates, edges up +3.0%.

Priya's portfolio holds 30% technology, 35% financials, and 35% staples. The contributions come to about −3.6% from technology (30% of −12.0%), +3.85% from financials (35% of +11.0%), and +1.05% from staples (35% of +3.0%).

The financials sleeve and the staples cushion together more than recover the technology drag, but with technology's fall nearly matching the financials gain in size, the margin is slim. The projected return is therefore approximately +1.3% next month — a modest positive, with the rate-sensitive winner and the defensive holding just edging out the growth sector the hike hits hardest.","You are already following Priya Nair — she remains my top pick this round. I believe her portfolio will see a return of 1.3% next month, so I would hold this position.",,,,
Chidinma Obi,1,3,I believe Chidinma Obi's portfolio will see a return of 1.8% next month. I would start to follow her.,"This month's rate hike sets up a direct tug-of-war inside this portfolio, because it holds the two sectors that sit at opposite ends of a rate rise: financials, which benefit, and technology, which suffer. The outcome turns on which exposure is larger.

The rate hike lifts financials +11.0% through wider bank margins, while technology falls −12.0% as a higher discount rate cuts the present value of its long-dated earnings. These are nearly mirror-image moves in magnitude, so the portfolio's weighting decides the result.

Chidinma's portfolio is tilted toward the winner: 60% financials and 40% technology. The financials sleeve contributes about +6.6% (60% of +11.0%), while the technology sleeve subtracts about −4.8% (40% of −12.0%).

Because the larger weight sits on the sector the rate hike rewards, the financials gain outweighs the technology loss, but only by a slim margin given how close the two factor moves are in size. The projected return is therefore approximately +1.8% next month — positive, but a near-balanced contest in which financials just edges ahead.","You are already following Chidinma Obi — she remains my top pick this round. I believe her portfolio will see a return of 1.8% next month, so I would hold this position.",,,,
Kanya Bunnag,1,4,I believe Kanya Bunnag's portfolio will see a return of 3.0% next month. I would start to follow her.,"This month's central-bank rate hike reshapes the market unevenly, rewarding banks and punishing long-duration growth, but this portfolio sits apart from that contest — it is concentrated entirely in the defensive corner that neither leads nor trails on rates.

Consumer staples rises +3.0% as demand for everyday essentials holds steady regardless of the rate move, while the sectors that swing hardest on a hike — financials up and technology down — sit outside this portfolio altogether.

Kanya's portfolio is held 100% in consumer staples, with no allocation to any other sector. There is no rate-sensitive winner to lift it and no rate-sensitive loser to drag it, so the position simply tracks the staples factor.

Because the single driver of her holdings is the market's steady defensive sector, the return follows it almost one-for-one. The projected return is therefore approximately +3.0% next month — a small, dependable gain from a portfolio built to hold its ground while rate-sensitive sectors pull in opposite directions around it.","You are already following Kanya Bunnag — she remains my top pick this round. I believe her portfolio will see a return of 3.0% next month, so I would hold this position.",,,,
Santiago Reyes,2,1,I believe Santiago Reyes's portfolio will see a return of 2.3% next month. I would start to follow him.,"This month's oil shock drives the market, and it reaches this portfolio mainly through its energy sleeve, with the other two thirds acting as mild drags. The result is one large positive contribution, trimmed a little by the rest.

The oil shock pushes energy up +13.0% as higher crude prices feed straight through to producer revenues. Technology slips −4.0% as rising input and energy costs squeeze margins, while consumer staples eases −2.0% as households absorb pricier essentials.

Santiago's portfolio is split into near-equal thirds: about 33% energy, 33% technology, and 34% staples. The contributions come to roughly +4.29% from energy (33% of +13.0%), −1.32% from technology (33% of −4.0%), and −0.68% from staples (34% of −2.0%).

The energy third is clearly the engine, comfortably outweighing the two small negative thirds beside it. The projected return is therefore approximately +2.3% next month — a solid positive, carried by the energy sleeve while the technology and staples thirds each give back a little.","You are already following Santiago Reyes — he remains my top pick this round. I believe his portfolio will see a return of 2.3% next month, so I would hold this position.",,,,
Masami Nishimura,2,2,I believe Masami Nishimura's portfolio will see a return of 13.0% next month. I would start to follow him.,"This month is defined by a sharp oil shock — a sudden jump in crude prices that ripples across the market. Energy producers are the immediate beneficiaries, while sectors that consume energy or depend on discretionary spending feel the squeeze. This is the cleanest possible environment for an energy-focused position.

The factor data shows energy as the runaway leader at +13.0%, as higher oil prices feed straight through to producer revenues and margins. At the same time consumer discretionary falls −12.0%, because pricier fuel and energy bills leave households less to spend elsewhere.

Masami's portfolio is allocated entirely to energy — a 100% weight, with no exposure to the sectors the oil shock hurts. It is a pure, undiluted play on the single factor the shock rewards most.

With nothing in the portfolio to dilute or offset the energy exposure, the return tracks the energy factor almost exactly. The projected return is therefore approximately +13.0% next month — the portfolio captures the full force of the oil shock.","You are already following Masami Nishimura — he remains my top pick this round. I believe his portfolio will see a return of 13.0% next month, so I would hold this position.",,,,
Tariq Al-Rashid,2,3,I believe Tariq Al-Rashid's portfolio will see a return of 4.8% next month. I would start to follow him.,"This month's oil shock is an almost ideal backdrop for the larger of this portfolio's two sleeves, with only its defensive staples holding giving a little back. The outcome is a strong energy contribution lightly offset by the staples side.

The oil shock lifts energy +13.0% as higher crude prices flow directly into producer revenues, while consumer staples eases −2.0% as households pay more for the same essentials.

Tariq's portfolio is split 45% energy and 55% staples. The energy sleeve adds about +5.85% (45% of +13.0%), while the staples sleeve subtracts about −1.1% (55% of −2.0%).

The energy gain is several times the size of the small staples drag, so the portfolio keeps most of the oil-shock upside. The projected return is therefore approximately +4.8% next month — a clear positive, with the energy sleeve carrying the result and the defensive staples holding trimming only a little off the top.","You are already following Tariq Al-Rashid — he remains my top pick this round. I believe his portfolio will see a return of 4.8% next month, so I would hold this position.",,,,
Alois Reiter,2,4,I believe Alois Reiter's portfolio will see a return of 4.9% next month. I would start to follow him.,"This month's oil shock drives the market, and it reaches this portfolio mainly through its energy sleeve, with the other two sectors playing supporting roles. The result is dominated by one large positive contribution, lightly adjusted by the rest.

The oil shock pushes energy up +13.0% on higher crude prices. Technology slips −4.0% as rising input and energy costs trim margins, while financials post a small +3.0%, broadly steady in this environment.

Alois's portfolio holds 40% energy, 30% technology, and 30% financials. The contributions work out to about +5.2% from energy (40% of +13.0%), −1.2% from technology (30% of −4.0%), and +0.9% from financials (30% of +3.0%).

The energy sleeve is clearly the engine, and the small financials gain very nearly cancels the modest technology drag, leaving energy to set the result. The projected return is therefore approximately +4.9% next month — a clear positive anchored by the portfolio's largest and best-performing sleeve.","You are already following Alois Reiter — he remains my top pick this round. I believe his portfolio will see a return of 4.9% next month, so I would hold this position.",,,,
Ingrid Larsson,3,1,I believe Ingrid Larsson's portfolio will see a return of 9.5% next month. I would start to follow her.,"This month's technology earnings season lifts more than just technology, and this portfolio is positioned to benefit twice over, because both of its sectors are among the month's gainers rather than being split between a winner and a loser.

Technology leads at +12.0% on strong earnings, and the optimism spills into consumer discretionary, which rises +7.0% as improved sentiment and spending appetite support cyclical, consumer-facing names.

Ingrid's portfolio is split evenly, 50% technology and 50% consumer discretionary. Each half contributes half of its sector's gain: about +6.0% from technology and about +3.5% from consumer discretionary.

Because both sleeves are positive this month, their contributions add together rather than offset, producing a strong combined result with no internal drag. The projected return is therefore approximately +9.5% next month — a portfolio fully aligned with the two sectors the earnings season lifts.","You are already following Ingrid Larsson — she remains my top pick this round. I believe her portfolio will see a return of 9.5% next month, so I would hold this position.",,,,
Benjamin Parker,3,2,I believe Benjamin Parker's portfolio will see a return of 12.0% next month. I would start to follow him.,"This month is defined by a strong technology earnings season — a wave of better-than-expected results from the sector's largest firms that lifts sentiment across technology stocks. For a portfolio built entirely around technology, this is the most favourable backdrop available.

The factor data shows technology leading the market at +12.0%, as upbeat earnings drive valuations higher, while rate-sensitive financials fall −11.0% in the same period. The two sectors move almost as mirror images, which makes sector selection decisive this month.

Benjamin's portfolio is held 100% in technology, with no allocation to the sectors lagging this month. It is a pure, full-weight bet on exactly the factor the earnings season rewards.

With no offsetting exposure, the portfolio tracks the technology factor almost one-for-one. The projected return is therefore approximately +12.0% next month — the position captures the full strength of the technology rally.","You are already following Benjamin Parker — he remains my top pick this round. I believe his portfolio will see a return of 12.0% next month, so I would hold this position.",,,,
Aricka Lewis,3,3,,"This month's technology earnings season lifts growth names, but the same month brings fresh credit stress among mid-size lenders — and this portfolio is concentrated entirely in the sector that stress hits hardest, with nothing on the winning side to offset it.

Financials fall −11.0% as credit stress at several lenders weighs on the whole sector, even as technology rallies +12.0% on strong earnings. The two move as near mirror images, but this portfolio holds only the losing side.

Aricka's portfolio is held 100% in financials, with no allocation to technology or any other sector. The single driver of her holdings is precisely the sector the credit stress punishes, with no competing exposure to soften it.

Because the portfolio is an undiluted bet on the month's weakest sector, the return tracks the financials factor almost one-for-one. The projected return is therefore approximately −11.0% next month — the portfolio absorbs the full force of the credit stress, with none of the technology rally to break the fall.",,I believe Aricka Lewis's portfolio will see a return of -11.0% next month. I would hold off on following her for now.,"This month's technology earnings season lifts growth names, but the same month brings fresh credit stress among mid-size lenders — and this portfolio is concentrated entirely in the sector that stress hits hardest, with nothing on the winning side to offset it.

Financials fall −11.0% as credit stress at several lenders weighs on the whole sector, even as technology rallies +12.0% on strong earnings. The two move as near mirror images, but this portfolio holds only the losing side.

Aricka's portfolio is held 100% in financials, with no allocation to technology or any other sector. The single driver of her holdings is precisely the sector the credit stress punishes, with no competing exposure to soften it.

Because the portfolio is an undiluted bet on the month's weakest sector, the return tracks the financials factor almost one-for-one. The projected return is therefore approximately −11.0% next month — the portfolio absorbs the full force of the credit stress, with none of the technology rally to break the fall.

With the portfolio sitting entirely on the losing side of the month's split and nothing to break the fall, this is not a position I would take on now, so I would hold off on following her for now.",I believe Aricka Lewis's portfolio will see a return of -11.0% next month. I would step back from following her.,"This month's technology earnings season lifts growth names, but the same month brings fresh credit stress among mid-size lenders — and this portfolio is concentrated entirely in the sector that stress hits hardest, with nothing on the winning side to offset it.

Financials fall −11.0% as credit stress at several lenders weighs on the whole sector, even as technology rallies +12.0% on strong earnings. The two move as near mirror images, but this portfolio holds only the losing side.

Aricka's portfolio is held 100% in financials, with no allocation to technology or any other sector. The single driver of her holdings is precisely the sector the credit stress punishes, with no competing exposure to soften it.

Because the portfolio is an undiluted bet on the month's weakest sector, the return tracks the financials factor almost one-for-one. The projected return is therefore approximately −11.0% next month — the portfolio absorbs the full force of the credit stress, with none of the technology rally to break the fall.

For a holding you are already carrying, that is the full weight of the credit stress with no technology upside anywhere in the portfolio to wait for, so I would step back from following her."
Chidinma Obi,3,4,,"This month sets this portfolio's two sectors directly against each other: a technology rally on strong earnings versus fresh credit stress in financials. With the heavier weight on the losing side, the outcome tips negative.

Technology rises +12.0% on better-than-expected earnings, while financials fall −11.0% as credit stress among mid-size lenders spreads across the sector. The two moves are close in size, so the portfolio's tilt decides the result.

Chidinma's portfolio holds 40% technology and 60% financials. The technology sleeve adds about +4.8% (40% of +12.0%), while the financials sleeve subtracts about −6.6% (60% of −11.0%).

Because the larger weight sits on the sector the credit stress punishes, the financials loss outweighs the technology gain, leaving a net decline. The projected return is therefore approximately −1.8% next month — a modest loss, with the heavier financials tilt pulling the portfolio just below flat despite a strong technology rally.",,I believe Chidinma Obi's portfolio will see a return of -1.8% next month. I would hold off on following her for now.,"This month sets this portfolio's two sectors directly against each other: a technology rally on strong earnings versus fresh credit stress in financials. With the heavier weight on the losing side, the outcome tips negative.

Technology rises +12.0% on better-than-expected earnings, while financials fall −11.0% as credit stress among mid-size lenders spreads across the sector. The two moves are close in size, so the portfolio's tilt decides the result.

Chidinma's portfolio holds 40% technology and 60% financials. The technology sleeve adds about +4.8% (40% of +12.0%), while the financials sleeve subtracts about −6.6% (60% of −11.0%).

Because the larger weight sits on the sector the credit stress punishes, the financials loss outweighs the technology gain, leaving a net decline. The projected return is therefore approximately −1.8% next month — a modest loss, with the heavier financials tilt pulling the portfolio just below flat despite a strong technology rally.

Since the technology gain only softens the financials loss rather than erasing it, there is no positive case to enter on here, so I would hold off on following her for now.",I believe Chidinma Obi's portfolio will see a return of -1.8% next month. I would step back from following her.,"This month sets this portfolio's two sectors directly against each other: a technology rally on strong earnings versus fresh credit stress in financials. With the heavier weight on the losing side, the outcome tips negative.

Technology rises +12.0% on better-than-expected earnings, while financials fall −11.0% as credit stress among mid-size lenders spreads across the sector. The two moves are close in size, so the portfolio's tilt decides the result.

Chidinma's portfolio holds 40% technology and 60% financials. The technology sleeve adds about +4.8% (40% of +12.0%), while the financials sleeve subtracts about −6.6% (60% of −11.0%).

Because the larger weight sits on the sector the credit stress punishes, the financials loss outweighs the technology gain, leaving a net decline. The projected return is therefore approximately −1.8% next month — a modest loss, with the heavier financials tilt pulling the portfolio just below flat despite a strong technology rally.

For a holding you already own, the technology sleeve cushions the fall but the heavier financials tilt keeps it negative, so you would be carrying a net loss with no offsetting upside — I would step back from following her."
Kanya Bunnag,4,1,I believe Kanya Bunnag's portfolio will see a return of 5.0% next month. I would start to follow her.,"This month's slump in consumer confidence pushes cyclical and growth sectors lower, but this portfolio sits apart from that sell-off — it is concentrated entirely in the one defensive corner that holds up when confidence drains away.

Consumer staples rises +5.0% as households keep spending on everyday essentials through the downturn — the month's single safe haven — while the cyclical and growth sectors around it fall in the risk-off mood.

Kanya's portfolio is held 100% in consumer staples, with no allocation to any of the sectors the confidence slump punishes. There is no cyclical exposure to drag it down, so the position simply tracks the staples factor.

Because the single driver of her holdings is the one sector the slump leaves standing, the return follows it almost one-for-one with no internal drag. The projected return is therefore approximately +5.0% next month — a dependable defensive gain, captured in full by a portfolio built to hold its ground exactly when confidence gives way.","You are already following Kanya Bunnag — she remains my top pick this round. I believe her portfolio will see a return of 5.0% next month, so I would hold this position.",,,,
Alois Reiter,4,2,,"This month's confidence slump weighs on every sector this portfolio holds — energy, technology, and financials are all among the month's losers — so the three sleeves compound rather than offset, with no defensive holding to break the fall.

In the risk-off mood, financials fall −6.0%, technology −5.0%, and energy −4.0% as weakening demand hits cyclical and rate-sensitive names alike. All three sectors this portfolio holds are down, and its one potential haven, staples, is absent.

Alois's portfolio holds 40% energy, 30% technology, and 30% financials. The contributions come to about −1.6% from energy (40% of −4.0%), −1.5% from technology (30% of −5.0%), and −1.8% from financials (30% of −6.0%).

With all three sleeves declining together and nothing to push the other way, the losses add into a clear combined fall. The projected return is therefore approximately −4.9% next month — a broad-based decline, with every holding on the wrong side of the confidence slump and no defensive exposure to soften it.",,I believe Alois Reiter's portfolio will see a return of -4.9% next month. I would hold off on following him for now.,"This month's confidence slump weighs on every sector this portfolio holds — energy, technology, and financials are all among the month's losers — so the three sleeves compound rather than offset, with no defensive holding to break the fall.

In the risk-off mood, financials fall −6.0%, technology −5.0%, and energy −4.0% as weakening demand hits cyclical and rate-sensitive names alike. All three sectors this portfolio holds are down, and its one potential haven, staples, is absent.

Alois's portfolio holds 40% energy, 30% technology, and 30% financials. The contributions come to about −1.6% from energy (40% of −4.0%), −1.5% from technology (30% of −5.0%), and −1.8% from financials (30% of −6.0%).

With all three sleeves declining together and nothing to push the other way, the losses add into a clear combined fall. The projected return is therefore approximately −4.9% next month — a broad-based decline, with every holding on the wrong side of the confidence slump and no defensive exposure to soften it.

With every sector in the portfolio on the losing side of the slump and nothing to offset them, there is no positive case to start a position on, so I would hold off on following him for now.",I believe Alois Reiter's portfolio will see a return of -4.9% next month. I would step back from following him.,"This month's confidence slump weighs on every sector this portfolio holds — energy, technology, and financials are all among the month's losers — so the three sleeves compound rather than offset, with no defensive holding to break the fall.

In the risk-off mood, financials fall −6.0%, technology −5.0%, and energy −4.0% as weakening demand hits cyclical and rate-sensitive names alike. All three sectors this portfolio holds are down, and its one potential haven, staples, is absent.

Alois's portfolio holds 40% energy, 30% technology, and 30% financials. The contributions come to about −1.6% from energy (40% of −4.0%), −1.5% from technology (30% of −5.0%), and −1.8% from financials (30% of −6.0%).

With all three sleeves declining together and nothing to push the other way, the losses add into a clear combined fall. The projected return is therefore approximately −4.9% next month — a broad-based decline, with every holding on the wrong side of the confidence slump and no defensive exposure to soften it.

For a holding you already own, all three sleeves are falling together with no defensive holding to lean on, so you would be absorbing the full combined loss — I would step back from following him."
Tariq Al-Rashid,4,3,I believe Tariq Al-Rashid's portfolio will see a return of 0.9% next month. I would start to follow him.,"This month's confidence slump pulls cyclical sectors lower, but this portfolio leans mostly on the one sector that holds up — its larger staples sleeve — so the outcome is a slim positive, with the defensive majority just outweighing the energy drag.

In the risk-off mood energy falls −4.0% as weakening demand weighs on cyclical producers, while consumer staples rises +5.0% as households retreat to everyday essentials — the month's one safe haven.

Tariq's portfolio is split 45% energy and 55% staples. The energy sleeve subtracts about −1.8% (45% of −4.0%), while the larger staples sleeve adds about +2.75% (55% of +5.0%).

Because the heavier weight sits on the sector the slump rewards, the staples gain outweighs the energy drag, but only by a slim margin. The projected return is therefore approximately +0.9% next month — barely positive, with the defensive staples majority just edging out the energy sleeve caught in the downturn.","You are already following Tariq Al-Rashid — he remains my top pick this round. I believe his portfolio will see a return of 0.9% next month, so I would hold this position.",,,,
Santiago Reyes,4,4,,"This month's consumer-confidence slump weighs on most of this portfolio, with only its defensive sleeve providing relief. With three roughly equal thirds, the result is a balance between two falling sectors and one rising safe haven.

In the slump, energy falls −4.0% and technology −5.0% as cyclical demand weakens, while consumer staples gains +5.0% on its defensive appeal. Two of the three sectors held are therefore down, and one is up.

Santiago's portfolio is split into near-equal thirds: about 33% energy, 33% technology, and 34% staples. The contributions are roughly −1.3% from energy, −1.65% from technology, and +1.7% from staples.

The staples third does its job, recovering most of what the energy and technology thirds give up, but it is not quite enough to bring the portfolio back to flat. The projected return is therefore approximately −1.3% next month — a small decline, with the defensive sleeve absorbing the bulk of the cyclical losses.",,I believe Santiago Reyes's portfolio will see a return of -1.3% next month. I would hold off on following him for now.,"This month's consumer-confidence slump weighs on most of this portfolio, with only its defensive sleeve providing relief. With three roughly equal thirds, the result is a balance between two falling sectors and one rising safe haven.

In the slump, energy falls −4.0% and technology −5.0% as cyclical demand weakens, while consumer staples gains +5.0% on its defensive appeal. Two of the three sectors held are therefore down, and one is up.

Santiago's portfolio is split into near-equal thirds: about 33% energy, 33% technology, and 34% staples. The contributions are roughly −1.3% from energy, −1.65% from technology, and +1.7% from staples.

The staples third does its job, recovering most of what the energy and technology thirds give up, but it is not quite enough to bring the portfolio back to flat. The projected return is therefore approximately −1.3% next month — a small decline, with the defensive sleeve absorbing the bulk of the cyclical losses.

Since even the defensive third only limits the loss rather than erasing it, there is no positive case to enter on here, so I would hold off on following him for now.",I believe Santiago Reyes's portfolio will see a return of -1.3% next month. I would step back from following him.,"This month's consumer-confidence slump weighs on most of this portfolio, with only its defensive sleeve providing relief. With three roughly equal thirds, the result is a balance between two falling sectors and one rising safe haven.

In the slump, energy falls −4.0% and technology −5.0% as cyclical demand weakens, while consumer staples gains +5.0% on its defensive appeal. Two of the three sectors held are therefore down, and one is up.

Santiago's portfolio is split into near-equal thirds: about 33% energy, 33% technology, and 34% staples. The contributions are roughly −1.3% from energy, −1.65% from technology, and +1.7% from staples.

The staples third does its job, recovering most of what the energy and technology thirds give up, but it is not quite enough to bring the portfolio back to flat. The projected return is therefore approximately −1.3% next month — a small decline, with the defensive sleeve absorbing the bulk of the cyclical losses.

For a holding you already own, the defensive third softens the fall but cannot turn it positive, so you would be carrying a net loss with no offsetting upside — I would step back from following him."
Ingrid Larsson,5,1,,"This month's regulatory tightening and weak sentiment hit growth and cyclical names hardest, and this portfolio is split evenly between exactly those two sectors, with no defensive holding to cushion the blow. Both sleeves fall, so the losses compound.

Technology falls −11.0% as tighter rules and antitrust scrutiny weigh on large platforms, and consumer discretionary falls −11.0% as reduced spending power hits non-essential demand. The month's safe havens — staples and energy, both up double digits — sit entirely outside this portfolio.

Ingrid's portfolio is split evenly between these two falling sectors — 50% technology and 50% consumer discretionary. The technology sleeve subtracts about −5.5% (half of −11.0%) and the consumer-discretionary sleeve about −5.5% (half of −11.0%).

With both holdings declining by the same amount and nothing in the portfolio to push the other way, the two equal losses add into a steep combined fall. The projected return is therefore approximately −11.0% next month — the portfolio is concentrated entirely in the two sectors the tightening and the spending squeeze punish most, with no defensive exposure to break the decline.",,I believe Ingrid Larsson's portfolio will see a return of -11.0% next month. I would hold off on following her for now.,"This month's regulatory tightening and weak sentiment hit growth and cyclical names hardest, and this portfolio is split evenly between exactly those two sectors, with no defensive holding to cushion the blow. Both sleeves fall, so the losses compound.

Technology falls −11.0% as tighter rules and antitrust scrutiny weigh on large platforms, and consumer discretionary falls −11.0% as reduced spending power hits non-essential demand. The month's safe havens — staples and energy, both up double digits — sit entirely outside this portfolio.

Ingrid's portfolio is split evenly between these two falling sectors — 50% technology and 50% consumer discretionary. The technology sleeve subtracts about −5.5% (half of −11.0%) and the consumer-discretionary sleeve about −5.5% (half of −11.0%).

With both holdings declining by the same amount and nothing in the portfolio to push the other way, the two equal losses add into a steep combined fall. The projected return is therefore approximately −11.0% next month — the portfolio is concentrated entirely in the two sectors the tightening and the spending squeeze punish most, with no defensive exposure to break the decline.

Starting a position here means buying directly into a steep, uncushioned decline, so I would hold off on following her for now.",I believe Ingrid Larsson's portfolio will see a return of -11.0% next month. I would step back from following her.,"This month's regulatory tightening and weak sentiment hit growth and cyclical names hardest, and this portfolio is split evenly between exactly those two sectors, with no defensive holding to cushion the blow. Both sleeves fall, so the losses compound.

Technology falls −11.0% as tighter rules and antitrust scrutiny weigh on large platforms, and consumer discretionary falls −11.0% as reduced spending power hits non-essential demand. The month's safe havens — staples and energy, both up double digits — sit entirely outside this portfolio.

Ingrid's portfolio is split evenly between these two falling sectors — 50% technology and 50% consumer discretionary. The technology sleeve subtracts about −5.5% (half of −11.0%) and the consumer-discretionary sleeve about −5.5% (half of −11.0%).

With both holdings declining by the same amount and nothing in the portfolio to push the other way, the two equal losses add into a steep combined fall. The projected return is therefore approximately −11.0% next month — the portfolio is concentrated entirely in the two sectors the tightening and the spending squeeze punish most, with no defensive exposure to break the decline.

With both sleeves falling by the same amount and no defensive holding to break the decline, an existing follower would be absorbing the full force of a steep drop, so I would step back from following her."
Benjamin Parker,5,2,,"This month's regulatory tightening weighs hardest on large technology platforms, and this portfolio is concentrated entirely in that sector, with no defensive holding to cushion the blow.

Technology falls −11.0% as tighter rules and antitrust scrutiny hit the sector's biggest names, while the month's safe havens — consumer staples and energy, both up double digits — sit entirely outside this portfolio.

Benjamin's portfolio is held 100% in technology, with no allocation to staples, energy, or any other sector. The single driver of his holdings is exactly the sector the tightening punishes most, with no competing exposure to soften it.

Because the portfolio is an undiluted bet on the month's hardest-hit sector, the return tracks the technology factor one-for-one. The projected return is therefore approximately −11.0% next month — the portfolio absorbs the full weight of the regulatory tightening, with no defensive holding to break the fall.",,I believe Benjamin Parker's portfolio will see a return of -11.0% next month. I would hold off on following him for now.,"This month's regulatory tightening weighs hardest on large technology platforms, and this portfolio is concentrated entirely in that sector, with no defensive holding to cushion the blow.

Technology falls −11.0% as tighter rules and antitrust scrutiny hit the sector's biggest names, while the month's safe havens — consumer staples and energy, both up double digits — sit entirely outside this portfolio.

Benjamin's portfolio is held 100% in technology, with no allocation to staples, energy, or any other sector. The single driver of his holdings is exactly the sector the tightening punishes most, with no competing exposure to soften it.

Because the portfolio is an undiluted bet on the month's hardest-hit sector, the return tracks the technology factor one-for-one. The projected return is therefore approximately −11.0% next month — the portfolio absorbs the full weight of the regulatory tightening, with no defensive holding to break the fall.

With the portfolio sitting entirely in the sector the tightening hits hardest and nothing to break the fall, this is not a position I would take on now, so I would hold off on following him for now.",I believe Benjamin Parker's portfolio will see a return of -11.0% next month. I would step back from following him.,"This month's regulatory tightening weighs hardest on large technology platforms, and this portfolio is concentrated entirely in that sector, with no defensive holding to cushion the blow.

Technology falls −11.0% as tighter rules and antitrust scrutiny hit the sector's biggest names, while the month's safe havens — consumer staples and energy, both up double digits — sit entirely outside this portfolio.

Benjamin's portfolio is held 100% in technology, with no allocation to staples, energy, or any other sector. The single driver of his holdings is exactly the sector the tightening punishes most, with no competing exposure to soften it.

Because the portfolio is an undiluted bet on the month's hardest-hit sector, the return tracks the technology factor one-for-one. The projected return is therefore approximately −11.0% next month — the portfolio absorbs the full weight of the regulatory tightening, with no defensive holding to break the fall.

For a holding you are already carrying, that is the full force of the tightening on technology with no defensive sleeve anywhere in the portfolio to lean on, so I would step back from following him."
Masami Nishimura,5,3,I believe Masami Nishimura's portfolio will see a return of 12.0% next month. I would start to follow him.,"This month's regulatory tightening pressures growth and financial names, but a persistent squeeze in energy supply keeps crude elevated — and this portfolio is concentrated entirely in the sector that benefits from that squeeze.

Energy rises +12.0% as ongoing supply constraints keep crude prices high, one of only two sectors up on the month, while technology and financials fall under the weight of tighter rules.

Masami's portfolio is allocated 100% to energy, with no exposure to the policy-sensitive sectors caught in the tightening. It is a pure, full-weight bet on the factor the supply squeeze rewards.

With no offsetting exposure, the portfolio tracks the energy factor almost exactly. The projected return is therefore approximately +12.0% next month — the position captures the full strength of the energy move while the regulatory pressure falls entirely outside it.","You are already following Masami Nishimura — he remains my top pick this round. I believe his portfolio will see a return of 12.0% next month, so I would hold this position.",,,,
Priya Nair,5,4,,"This month's regulatory tightening pulls two of this portfolio's three sectors lower, leaving its staples sleeve to do the defensive work. The outcome is a contest between policy-sensitive weakness and a single strong safe haven that holds a little over a third of the book.

Technology falls −11.0% and financials −7.0% as tighter rules weigh on growth and rate-sensitive names, while consumer staples rises +13.0% as investors rotate into reliable, essential-demand defensives.

Priya's portfolio holds 30% technology, 35% financials, and 35% staples. The contributions come to about −3.3% from technology (30% of −11.0%), −2.45% from financials (35% of −7.0%), and +4.55% from staples (35% of +13.0%).

The powerful staples sleeve recovers most of the damage from the two falling sectors, but with technology and financials together making up nearly two-thirds of the portfolio, it cannot quite pull the book back to flat. The projected return is therefore approximately −1.2% next month — a modest loss, softened but not erased by the strong staples cushion.",,I believe Priya Nair's portfolio will see a return of -1.2% next month. I would hold off on following her for now.,"This month's regulatory tightening pulls two of this portfolio's three sectors lower, leaving its staples sleeve to do the defensive work. The outcome is a contest between policy-sensitive weakness and a single strong safe haven that holds a little over a third of the book.

Technology falls −11.0% and financials −7.0% as tighter rules weigh on growth and rate-sensitive names, while consumer staples rises +13.0% as investors rotate into reliable, essential-demand defensives.

Priya's portfolio holds 30% technology, 35% financials, and 35% staples. The contributions come to about −3.3% from technology (30% of −11.0%), −2.45% from financials (35% of −7.0%), and +4.55% from staples (35% of +13.0%).

The powerful staples sleeve recovers most of the damage from the two falling sectors, but with technology and financials together making up nearly two-thirds of the portfolio, it cannot quite pull the book back to flat. The projected return is therefore approximately −1.2% next month — a modest loss, softened but not erased by the strong staples cushion.

With two of the three sleeves falling and even a staples sleeve this strong unable to pull the portfolio back to flat, there is no positive case to enter on here, so I would hold off on following her for now.",I believe Priya Nair's portfolio will see a return of -1.2% next month. I would step back from following her.,"This month's regulatory tightening pulls two of this portfolio's three sectors lower, leaving its staples sleeve to do the defensive work. The outcome is a contest between policy-sensitive weakness and a single strong safe haven that holds a little over a third of the book.

Technology falls −11.0% and financials −7.0% as tighter rules weigh on growth and rate-sensitive names, while consumer staples rises +13.0% as investors rotate into reliable, essential-demand defensives.

Priya's portfolio holds 30% technology, 35% financials, and 35% staples. The contributions come to about −3.3% from technology (30% of −11.0%), −2.45% from financials (35% of −7.0%), and +4.55% from staples (35% of +13.0%).

The powerful staples sleeve recovers most of the damage from the two falling sectors, but with technology and financials together making up nearly two-thirds of the portfolio, it cannot quite pull the book back to flat. The projected return is therefore approximately −1.2% next month — a modest loss, softened but not erased by the strong staples cushion.

As an existing holder you would be carrying a net loss that the strong staples cushion softens but cannot cover, with two-thirds of the book on the wrong side of the tightening, so I would step back from following her."
