id,user,month,index,created_at
1,UCLUBNIDCKK,1,1,2026-07-13T15:07:02.072790+00:00
2,UCLUBNIDCKK,1,2,2026-07-13T15:11:18.953832+00:00
3,UCLUBNIDCKK,2,1,2026-07-13T15:12:58.564795+00:00
4,UCLUBNIDCKK,2,2,2026-07-13T15:13:16.497374+00:00
5,UCLUBNIDCKK,2,3,2026-07-13T15:13:30.498348+00:00
6,UCLUBNIDCKK,2,4,2026-07-13T15:13:39.893630+00:00
7,UCLUBNIDCKK,3,1,2026-07-13T15:13:45.190329+00:00
8,UCLUBNIDCKK,3,2,2026-07-13T15:13:45.206137+00:00
9,UCLUBNIDCKK,3,3,2026-07-13T15:13:45.572598+00:00
10,UCLUBNIDCKK,3,4,2026-07-13T15:13:56.188151+00:00
11,UCLUBNIDCKK,4,1,2026-07-13T15:14:03.769066+00:00
12,UCLUBNIDCKK,4,2,2026-07-13T15:14:08.294013+00:00
13,UCLUBNIDCKK,4,3,2026-07-13T15:14:15.294250+00:00
14,UCLUBNIDCKK,4,4,2026-07-13T15:14:35.991770+00:00
15,UCLUBNIDCKK,5,1,2026-07-13T15:14:58.396556+00:00
16,UCLUBNIDCKK,5,2,2026-07-13T15:14:58.414638+00:00
17,UCLUBNIDCKK,5,3,2026-07-13T15:15:05.097644+00:00
18,UCLUBNIDCKK,5,4,2026-07-13T15:15:14.388919+00:00
56,UCLVG5H9CDR,1,1,2026-07-14T04:35:33.043740+00:00
57,UCLVG5H9CDR,1,2,2026-07-14T04:35:58.965376+00:00
58,UCLVG5H9CDR,1,3,2026-07-14T04:36:33.641304+00:00
59,UCLVG5H9CDR,1,4,2026-07-14T04:36:46.360439+00:00
60,UCLVG5H9CDR,2,1,2026-07-14T04:37:16.301509+00:00
61,UCLVG5H9CDR,2,2,2026-07-14T04:37:30.806574+00:00
62,UCLVG5H9CDR,2,3,2026-07-14T04:37:45.256772+00:00
63,UCLVG5H9CDR,2,4,2026-07-14T04:38:28.717337+00:00
64,UCLVG5H9CDR,3,1,2026-07-14T04:39:15.851763+00:00
65,UCLVG5H9CDR,3,2,2026-07-14T04:39:28.929482+00:00
66,UCLVG5H9CDR,3,3,2026-07-14T04:39:41.635937+00:00
67,UCLVG5H9CDR,3,4,2026-07-14T04:39:53.240853+00:00
68,UCLVG5H9CDR,4,1,2026-07-14T04:41:23.692875+00:00
69,UCLVG5H9CDR,4,2,2026-07-14T04:41:23.707546+00:00
70,UCLVG5H9CDR,4,3,2026-07-14T04:41:37.475315+00:00
71,UCLVG5H9CDR,4,4,2026-07-14T04:41:40.188911+00:00
72,UCLVG5H9CDR,5,1,2026-07-14T04:42:22.253370+00:00
73,UCLVG5H9CDR,5,2,2026-07-14T04:42:22.268320+00:00
74,UCLVG5H9CDR,5,3,2026-07-14T04:42:59.176234+00:00
75,UCLVG5H9CDR,5,4,2026-07-14T04:43:09.152129+00:00
76,UCL4H0D91DM,1,1,2026-07-14T12:55:07.477040+00:00
77,UCL4H0D91DM,1,2,2026-07-14T12:55:44.581348+00:00
78,UCL4H0D91DM,1,3,2026-07-14T12:55:59.891827+00:00
79,UCL4H0D91DM,1,4,2026-07-14T12:56:19.628505+00:00
80,UCL4H0D91DM,2,1,2026-07-14T12:56:39.098465+00:00
81,UCL4H0D91DM,2,2,2026-07-14T12:56:47.514568+00:00
82,UCL4H0D91DM,2,3,2026-07-14T12:57:00.298132+00:00
83,UCL4H0D91DM,2,4,2026-07-14T12:57:16.988737+00:00
84,UCL4H0D91DM,3,1,2026-07-14T12:57:32.087288+00:00
85,UCL4H0D91DM,3,2,2026-07-14T12:57:37.988924+00:00
86,UCL4H0D91DM,3,3,2026-07-14T12:57:46.823768+00:00
87,UCL4H0D91DM,4,1,2026-07-14T13:10:37.976255+00:00
88,UCL4H0D91DM,4,2,2026-07-14T13:10:37.990059+00:00
89,UCL4H0D91DM,4,3,2026-07-14T13:10:46.763430+00:00
90,UCL4H0D91DM,4,4,2026-07-14T13:11:01.156265+00:00
91,UCL4H0D91DM,5,1,2026-07-14T13:11:26.370885+00:00
92,UCL4H0D91DM,5,2,2026-07-14T13:11:26.389736+00:00
93,UCL4H0D91DM,5,3,2026-07-14T13:11:26.766376+00:00
94,UCL4H0D91DM,5,4,2026-07-14T13:11:27.137153+00:00
95,UCLKEOI14BZ,1,1,2026-07-14T15:43:30.386497+00:00
96,UCL3254LKQG,1,1,2026-07-14T16:54:24.886346+00:00
97,UCL3254LKQG,1,2,2026-07-14T16:55:23.283684+00:00
98,UCL3254LKQG,1,3,2026-07-14T16:57:37.615704+00:00
99,UCL3254LKQG,2,1,2026-07-14T16:59:21.215622+00:00
100,UCL3254LKQG,2,2,2026-07-14T17:00:06.982438+00:00
101,UCL3254LKQG,2,3,2026-07-14T17:00:38.620176+00:00
102,UCL3254LKQG,2,4,2026-07-14T17:01:33.390509+00:00
103,UCL3254LKQG,3,1,2026-07-14T17:04:22.320666+00:00
104,UCL3254LKQG,3,2,2026-07-14T17:05:32.790557+00:00
105,UCL3254LKQG,3,3,2026-07-14T17:05:54.226341+00:00
106,UCL3254LKQG,3,4,2026-07-14T17:05:56.491170+00:00
107,UCL3254LKQG,4,1,2026-07-14T17:07:13.700682+00:00
108,UCL3254LKQG,4,2,2026-07-14T17:07:33.110163+00:00
109,UCL3254LKQG,4,3,2026-07-14T17:07:47.255551+00:00
110,UCL3254LKQG,4,4,2026-07-14T17:07:47.477196+00:00
111,UCL3254LKQG,5,1,2026-07-14T17:12:14.641485+00:00
112,UCL3254LKQG,5,2,2026-07-14T17:12:39.870887+00:00
113,UCL3254LKQG,5,3,2026-07-14T17:12:43.704604+00:00
114,UCL3254LKQG,5,4,2026-07-14T17:12:58.154166+00:00
115,UCLKEOI14BZ,2,1,2026-07-14T17:16:44.357513+00:00
116,UCLXJCEEPY0,1,1,2026-07-14T18:04:39.733946+00:00
117,UCL4WVABPXK,1,1,2026-07-14T18:08:21.829032+00:00
118,UCL4WVABPXK,1,2,2026-07-14T18:08:35.446721+00:00
119,UCL4WVABPXK,1,3,2026-07-14T18:08:50.600934+00:00
120,UCL4WVABPXK,1,4,2026-07-14T18:08:59.504893+00:00
121,UCL4WVABPXK,2,1,2026-07-14T18:09:16.745215+00:00
122,UCL4WVABPXK,2,2,2026-07-14T18:09:28.196878+00:00
123,UCL4WVABPXK,2,3,2026-07-14T18:09:41.598858+00:00
124,UCL4WVABPXK,2,4,2026-07-14T18:10:16.664413+00:00
125,UCL4WVABPXK,3,1,2026-07-14T18:10:24.007623+00:00
126,UCL4WVABPXK,3,2,2026-07-14T18:12:14.723437+00:00
127,UCL4WVABPXK,3,3,2026-07-14T18:12:28.717812+00:00
128,UCL4WVABPXK,3,4,2026-07-14T18:12:30.353610+00:00
129,UCL4WVABPXK,4,1,2026-07-14T18:12:37.622550+00:00
130,UCL4WVABPXK,4,2,2026-07-14T18:12:37.642535+00:00
131,UCL4WVABPXK,4,3,2026-07-14T18:12:54.586240+00:00
132,UCL4WVABPXK,4,4,2026-07-14T18:13:22.168577+00:00
133,UCL4WVABPXK,5,1,2026-07-14T18:14:55.437582+00:00
134,UCL4WVABPXK,5,2,2026-07-14T18:15:54.609393+00:00
135,UCLPJHHYXKE,1,1,2026-07-14T18:42:00.438925+00:00
136,UCL6098GOLK,1,1,2026-07-14T18:43:26.642622+00:00
137,UCL6098GOLK,1,2,2026-07-14T18:45:28.285397+00:00
138,UCL6098GOLK,1,3,2026-07-14T18:46:56.556231+00:00
139,UCL6098GOLK,1,4,2026-07-14T18:47:20.657109+00:00
140,UCL6098GOLK,2,1,2026-07-14T18:47:26.422322+00:00
141,UCL6098GOLK,2,2,2026-07-14T18:47:59.558728+00:00
142,UCL6098GOLK,2,3,2026-07-14T18:48:17.672065+00:00
143,UCL6098GOLK,2,4,2026-07-14T18:50:41.842221+00:00
144,UCL6098GOLK,3,1,2026-07-14T18:50:50.136723+00:00
145,UCL6098GOLK,3,2,2026-07-14T18:52:34.494553+00:00
146,UCL6098GOLK,3,3,2026-07-14T18:52:37.311167+00:00
147,UCL6098GOLK,3,4,2026-07-14T18:52:37.343731+00:00
148,UCL6098GOLK,4,1,2026-07-14T18:53:08.213814+00:00
149,UCL6098GOLK,4,2,2026-07-14T18:53:08.228903+00:00
150,UCL6098GOLK,4,3,2026-07-14T18:53:08.270737+00:00
151,UCL6098GOLK,4,4,2026-07-14T18:53:08.309756+00:00
152,UCL6098GOLK,5,1,2026-07-14T18:54:50.565463+00:00
153,UCL6098GOLK,5,2,2026-07-14T18:54:56.665038+00:00
154,UCL6098GOLK,5,3,2026-07-14T18:55:02.313166+00:00
155,UCL6098GOLK,5,4,2026-07-14T18:55:37.109174+00:00
156,UCLNC2C00CG,1,1,2026-07-14T23:27:29.862674+00:00
157,UCLNC2C00CG,1,2,2026-07-14T23:28:03.518431+00:00
158,UCLNC2C00CG,1,3,2026-07-14T23:30:07.065853+00:00
159,UCLNC2C00CG,2,1,2026-07-14T23:32:27.249790+00:00
160,UCLNC2C00CG,2,2,2026-07-14T23:32:27.265118+00:00
161,UCLNC2C00CG,2,3,2026-07-14T23:32:57.378116+00:00
162,UCLNC2C00CG,2,4,2026-07-14T23:33:42.553768+00:00
163,UCLNC2C00CG,3,1,2026-07-14T23:35:40.333724+00:00
164,UCLNC2C00CG,3,2,2026-07-14T23:39:18.567097+00:00
165,UCLNC2C00CG,3,3,2026-07-14T23:39:55.394438+00:00
166,UCLNC2C00CG,3,4,2026-07-14T23:40:26.391607+00:00
167,UCLNC2C00CG,4,1,2026-07-14T23:41:28.728079+00:00
168,UCLNC2C00CG,4,2,2026-07-14T23:41:41.786096+00:00
169,UCLNC2C00CG,5,1,2026-07-14T23:46:27.724785+00:00
170,UCLNC2C00CG,5,2,2026-07-14T23:46:27.737825+00:00
171,UCLNC2C00CG,5,3,2026-07-14T23:46:28.029291+00:00
172,UCLNC2C00CG,5,4,2026-07-14T23:46:28.323065+00:00
173,UCLDE02VDS2,1,1,2026-07-15T01:09:35.321838+00:00
174,UCLDE02VDS2,1,2,2026-07-15T01:10:25.542030+00:00
175,UCLDE02VDS2,1,3,2026-07-15T01:10:59.432260+00:00
176,UCLDE02VDS2,1,4,2026-07-15T01:11:08.921632+00:00
177,UCLDE02VDS2,2,1,2026-07-15T01:11:23.808788+00:00
178,UCLDE02VDS2,2,2,2026-07-15T01:11:45.234049+00:00
179,UCLDE02VDS2,2,3,2026-07-15T01:12:13.236662+00:00
180,UCLDE02VDS2,2,4,2026-07-15T01:12:31.374953+00:00
181,UCLDE02VDS2,3,1,2026-07-15T01:12:37.873451+00:00
182,UCLDE02VDS2,3,2,2026-07-15T01:12:49.028870+00:00
183,UCLDE02VDS2,3,3,2026-07-15T01:12:51.452890+00:00
184,UCLDE02VDS2,3,4,2026-07-15T01:13:05.315948+00:00
185,UCLDE02VDS2,4,1,2026-07-15T01:13:31.210661+00:00
186,UCLDE02VDS2,4,2,2026-07-15T01:13:37.581807+00:00
187,UCLDE02VDS2,4,3,2026-07-15T01:13:40.478973+00:00
188,UCLDE02VDS2,4,4,2026-07-15T01:13:40.823800+00:00
189,UCLDE02VDS2,5,1,2026-07-15T01:14:11.661108+00:00
190,UCLDE02VDS2,5,2,2026-07-15T01:14:17.265036+00:00
191,UCLDE02VDS2,5,3,2026-07-15T01:14:33.677837+00:00
192,UCLDE02VDS2,5,4,2026-07-15T01:14:45.084045+00:00
193,UCLOWSEFP4L,1,1,2026-07-15T02:26:21.401230+00:00
194,UCLOWSEFP4L,2,1,2026-07-15T02:31:19.937341+00:00
195,UCLOWSEFP4L,3,1,2026-07-15T02:36:21.193620+00:00
196,UCLOWSEFP4L,3,2,2026-07-15T02:36:21.206932+00:00
197,UCLOWSEFP4L,3,3,2026-07-15T02:36:51.692646+00:00
198,UCLOWSEFP4L,3,4,2026-07-15T02:36:51.730683+00:00
199,UCL3GNOX0FG,1,1,2026-07-15T02:40:38.476035+00:00
200,UCLOWSEFP4L,4,1,2026-07-15T02:41:23.174940+00:00
201,UCLOWSEFP4L,4,2,2026-07-15T02:42:07.133485+00:00
202,UCLOWSEFP4L,4,3,2026-07-15T02:43:15.955149+00:00
203,UCL3GNOX0FG,1,2,2026-07-15T02:43:37.132901+00:00
204,UCLOWSEFP4L,4,4,2026-07-15T02:43:46.352552+00:00
205,UCL3GNOX0FG,2,1,2026-07-15T02:45:35.236923+00:00
206,UCLOWSEFP4L,5,1,2026-07-15T02:46:24.488757+00:00
207,UCLOWSEFP4L,5,2,2026-07-15T02:46:24.502865+00:00
208,UCL3GNOX0FG,2,2,2026-07-15T02:46:30.182375+00:00
209,UCLOWSEFP4L,5,3,2026-07-15T02:46:44.619677+00:00
210,UCLOWSEFP4L,5,4,2026-07-15T02:46:48.109436+00:00
211,UCL3GNOX0FG,3,1,2026-07-15T02:50:45.892823+00:00
212,UCL3GNOX0FG,3,2,2026-07-15T02:51:20.600409+00:00
213,UCL3GNOX0FG,3,3,2026-07-15T02:51:51.000771+00:00
214,UCL3GNOX0FG,4,1,2026-07-15T02:55:48.332206+00:00
215,UCL3GNOX0FG,4,2,2026-07-15T02:55:48.346018+00:00
216,UCL3GNOX0FG,4,3,2026-07-15T02:55:58.577167+00:00
217,UCL3GNOX0FG,4,4,2026-07-15T02:56:48.774551+00:00
218,UCL3GNOX0FG,5,1,2026-07-15T03:02:09.828903+00:00
219,UCL3GNOX0FG,5,2,2026-07-15T03:02:15.755245+00:00
220,UCL3GNOX0FG,5,3,2026-07-15T03:03:06.939028+00:00
221,UCLUKB9CQI2,1,1,2026-07-15T04:26:11.790033+00:00
222,UCLUKB9CQI2,1,2,2026-07-15T04:26:20.701474+00:00
223,UCLUKB9CQI2,1,3,2026-07-15T04:27:45.465067+00:00
224,UCLYHJPIDBL,1,1,2026-07-15T04:27:52.016228+00:00
225,UCL5N72OPCK,1,1,2026-07-15T04:32:38.854748+00:00
226,UCLUKB9CQI2,2,1,2026-07-15T04:32:46.884448+00:00
227,UCL5N72OPCK,1,2,2026-07-15T04:33:10.954919+00:00
228,UCLUKB9CQI2,2,2,2026-07-15T04:33:17.845006+00:00
229,UCLUKB9CQI2,2,3,2026-07-15T04:33:42.304382+00:00
230,UCL5N72OPCK,1,3,2026-07-15T04:33:42.351010+00:00
231,UCLUKB9CQI2,2,4,2026-07-15T04:34:13.127789+00:00
232,UCLUKB9CQI2,3,1,2026-07-15T04:34:21.592288+00:00
233,UCLUKB9CQI2,3,2,2026-07-15T04:34:30.192802+00:00
234,UCL5N72OPCK,1,4,2026-07-15T04:34:31.116676+00:00
235,UCLUKB9CQI2,3,3,2026-07-15T04:34:33.718082+00:00
236,UCL5N72OPCK,2,1,2026-07-15T04:34:44.334736+00:00
237,UCLUKB9CQI2,3,4,2026-07-15T04:34:57.460823+00:00
238,UCL5N72OPCK,2,2,2026-07-15T04:34:58.387529+00:00
239,UCLUKB9CQI2,4,1,2026-07-15T04:35:05.293457+00:00
240,UCLUKB9CQI2,4,2,2026-07-15T04:35:11.609890+00:00
241,UCLUKB9CQI2,4,3,2026-07-15T04:35:19.992902+00:00
242,UCL5N72OPCK,2,3,2026-07-15T04:35:30.484397+00:00
243,UCLUKB9CQI2,4,4,2026-07-15T04:35:39.573808+00:00
244,UCL5N72OPCK,2,4,2026-07-15T04:35:49.317600+00:00
245,UCL5N72OPCK,3,1,2026-07-15T04:35:55.632474+00:00
246,UCLUKB9CQI2,5,1,2026-07-15T04:36:11.427916+00:00
247,UCLUKB9CQI2,5,2,2026-07-15T04:36:11.447320+00:00
248,UCLUKB9CQI2,5,3,2026-07-15T04:36:11.797175+00:00
249,UCLUKB9CQI2,5,4,2026-07-15T04:36:12.086713+00:00
250,UCL5N72OPCK,3,2,2026-07-15T04:36:19.224056+00:00
251,UCL5N72OPCK,3,3,2026-07-15T04:36:46.750230+00:00
252,UCL5N72OPCK,3,4,2026-07-15T04:37:05.510327+00:00
253,UCL5N72OPCK,4,1,2026-07-15T04:37:12.590504+00:00
254,UCL5N72OPCK,4,2,2026-07-15T04:37:12.604286+00:00
255,UCL5N72OPCK,4,3,2026-07-15T04:37:21.992178+00:00
256,UCL5N72OPCK,4,4,2026-07-15T04:37:22.835779+00:00
257,UCL5N72OPCK,5,1,2026-07-15T04:37:45.451648+00:00
258,UCL5N72OPCK,5,2,2026-07-15T04:37:45.470671+00:00
259,UCL5N72OPCK,5,3,2026-07-15T04:37:57.885772+00:00
260,UCL5N72OPCK,5,4,2026-07-15T04:38:01.078463+00:00
261,UCLWCQ5GXOH,1,1,2026-07-15T04:47:38.504800+00:00
262,UCL0DHECO8C,1,1,2026-07-15T04:51:04.710688+00:00
263,UCL0DHECO8C,1,2,2026-07-15T04:52:14.521930+00:00
264,UCL0DHECO8C,1,3,2026-07-15T04:53:34.510209+00:00
265,UCL0DHECO8C,1,4,2026-07-15T04:55:07.783411+00:00
266,UCL0DHECO8C,2,1,2026-07-15T04:55:30.042910+00:00
267,UCL0DHECO8C,2,2,2026-07-15T04:55:55.080383+00:00
268,UCL0DHECO8C,2,3,2026-07-15T04:56:16.204764+00:00
269,UCL0DHECO8C,2,4,2026-07-15T04:56:33.763394+00:00
270,UCL0DHECO8C,3,1,2026-07-15T04:56:39.417761+00:00
271,UCL0DHECO8C,3,2,2026-07-15T04:56:48.075753+00:00
272,UCL0DHECO8C,3,3,2026-07-15T04:57:18.115595+00:00
273,UCL0DHECO8C,3,4,2026-07-15T04:57:41.308259+00:00
274,UCL0DHECO8C,4,1,2026-07-15T04:57:51.925704+00:00
275,UCL0DHECO8C,4,2,2026-07-15T04:57:51.940806+00:00
276,UCL0DHECO8C,4,3,2026-07-15T04:58:03.521104+00:00
277,UCL0DHECO8C,4,4,2026-07-15T04:58:20.618393+00:00
278,UCL0DHECO8C,5,1,2026-07-15T04:58:53.734284+00:00
279,UCL0DHECO8C,5,2,2026-07-15T04:58:53.748356+00:00
280,UCL0DHECO8C,5,3,2026-07-15T04:59:11.086201+00:00
281,UCL0DHECO8C,5,4,2026-07-15T04:59:18.820652+00:00
282,UCLDHZ8L5KK,1,1,2026-07-15T14:52:57.308531+00:00
283,UCLDHZ8L5KK,1,2,2026-07-15T14:53:20.108827+00:00
284,UCLDHZ8L5KK,1,3,2026-07-15T14:53:52.392436+00:00
285,UCLDHZ8L5KK,1,4,2026-07-15T14:55:39.211346+00:00
286,UCLDHZ8L5KK,2,1,2026-07-15T14:55:54.550110+00:00
287,UCLDHZ8L5KK,2,2,2026-07-15T14:56:13.355768+00:00
288,UCLDHZ8L5KK,2,3,2026-07-15T14:56:29.314661+00:00
289,UCLDHZ8L5KK,2,4,2026-07-15T14:56:45.312216+00:00
290,UCLDHZ8L5KK,3,1,2026-07-15T14:57:04.077153+00:00
291,UCLDHZ8L5KK,3,2,2026-07-15T14:57:16.500234+00:00
292,UCLDHZ8L5KK,3,3,2026-07-15T14:57:28.795156+00:00
293,UCLDHZ8L5KK,3,4,2026-07-15T14:57:46.655658+00:00
294,UCLDHZ8L5KK,4,1,2026-07-15T14:58:18.542861+00:00
295,UCLDHZ8L5KK,4,2,2026-07-15T14:58:34.296523+00:00
296,UCLDHZ8L5KK,4,3,2026-07-15T14:58:36.447505+00:00
297,UCLDHZ8L5KK,4,4,2026-07-15T14:59:08.851263+00:00
298,UCLDHZ8L5KK,5,1,2026-07-15T14:59:14.497282+00:00
299,UCLDHZ8L5KK,5,2,2026-07-15T14:59:14.510639+00:00
300,UCLDHZ8L5KK,5,3,2026-07-15T15:00:33.704861+00:00
301,UCLDHZ8L5KK,5,4,2026-07-15T15:00:34.068551+00:00
302,UCLQS91725T,1,1,2026-07-16T12:59:56.207509+00:00
303,UCLQS91725T,1,2,2026-07-16T13:01:02.508255+00:00
304,UCLQS91725T,1,3,2026-07-16T13:03:05.213196+00:00
305,UCLQS91725T,1,4,2026-07-16T13:04:48.098395+00:00
306,UCLQS91725T,2,1,2026-07-16T13:04:54.177427+00:00
307,UCLQS91725T,3,1,2026-07-16T13:09:54.606480+00:00
308,UCLQS91725T,3,2,2026-07-16T13:13:01.558852+00:00
309,UCLQS91725T,3,3,2026-07-16T13:14:07.740055+00:00
310,UCLQS91725T,3,4,2026-07-16T13:14:07.798130+00:00
311,UCLQS91725T,4,1,2026-07-16T13:14:55.535305+00:00
312,UCLQS91725T,4,2,2026-07-16T13:17:17.125145+00:00
313,UCLQS91725T,4,3,2026-07-16T13:19:50.737963+00:00
314,UCLQS91725T,5,1,2026-07-16T13:19:56.016941+00:00
315,UCLQS91725T,5,2,2026-07-16T13:19:56.040060+00:00
316,UCLQS91725T,5,3,2026-07-16T13:19:56.114213+00:00
317,UCL4XQH8LDO,1,1,2026-07-16T15:21:22.602726+00:00
318,UCL4XQH8LDO,1,2,2026-07-16T15:23:08.767796+00:00
319,UCL4XQH8LDO,1,3,2026-07-16T15:24:36.483345+00:00
320,UCL3ABJV0L4,1,1,2026-07-16T15:24:52.389685+00:00
321,UCL4XQH8LDO,2,1,2026-07-16T15:26:22.179477+00:00
322,UCL3ABJV0L4,1,2,2026-07-16T15:26:30.606866+00:00
323,UCL4XQH8LDO,2,2,2026-07-16T15:26:33.723698+00:00
324,UCL3ABJV0L4,1,3,2026-07-16T15:28:32.568947+00:00
325,UCL3ABJV0L4,2,1,2026-07-16T15:29:51.395663+00:00
326,UCL4XQH8LDO,3,1,2026-07-16T15:31:24.918264+00:00
327,UCL4XQH8LDO,3,2,2026-07-16T15:31:24.930680+00:00
328,UCL4XQH8LDO,3,3,2026-07-16T15:31:35.873140+00:00
329,UCL4XQH8LDO,3,4,2026-07-16T15:32:06.126529+00:00
330,UCL3ABJV0L4,3,1,2026-07-16T15:34:53.067089+00:00
331,UCL3ABJV0L4,3,2,2026-07-16T15:34:53.080994+00:00
332,UCL4XQH8LDO,4,1,2026-07-16T15:36:25.583542+00:00
333,UCL3ABJV0L4,3,3,2026-07-16T15:37:48.563922+00:00
334,UCL3ABJV0L4,4,1,2026-07-16T15:39:54.713167+00:00
335,UCL3ABJV0L4,4,2,2026-07-16T15:39:54.725214+00:00
336,UCL4XQH8LDO,5,1,2026-07-16T15:41:27.946108+00:00
337,UCL4XQH8LDO,5,2,2026-07-16T15:41:27.960067+00:00
338,UCL4XQH8LDO,5,3,2026-07-16T15:41:28.108025+00:00
339,UCL4XQH8LDO,5,4,2026-07-16T15:41:52.737997+00:00
340,UCL3ABJV0L4,4,3,2026-07-16T15:44:01.244239+00:00
341,UCL3ABJV0L4,5,1,2026-07-16T15:44:55.767099+00:00
342,UCLQKT3819R,1,1,2026-07-16T16:56:09.577770+00:00
343,UCLQKT3819R,1,2,2026-07-16T16:58:35.708510+00:00
344,UCLQKT3819R,1,3,2026-07-16T16:59:40.458437+00:00
345,UCLQKT3819R,1,4,2026-07-16T17:00:13.760909+00:00
346,UCLQKT3819R,2,1,2026-07-16T17:01:12.245808+00:00
347,UCLQKT3819R,2,2,2026-07-16T17:01:17.464716+00:00
348,UCLQKT3819R,2,3,2026-07-16T17:01:34.129265+00:00
349,UCLQKT3819R,2,4,2026-07-16T17:03:29.232642+00:00
350,UCLQKT3819R,3,1,2026-07-16T17:06:09.589799+00:00
351,UCLQKT3819R,3,2,2026-07-16T17:06:18.949220+00:00
352,UCLQKT3819R,3,3,2026-07-16T17:06:41.757362+00:00
353,UCLQKT3819R,3,4,2026-07-16T17:06:55.540033+00:00
354,UCLQKT3819R,4,1,2026-07-16T17:11:25.943206+00:00
355,UCLQKT3819R,4,2,2026-07-16T17:11:39.563792+00:00
356,UCLQKT3819R,4,3,2026-07-16T17:11:44.148106+00:00
357,UCLQKT3819R,4,4,2026-07-16T17:11:52.924838+00:00
358,UCLQKT3819R,5,1,2026-07-16T17:16:22.631696+00:00
359,UCLQKT3819R,5,2,2026-07-16T17:16:50.104889+00:00
360,UCLQKT3819R,5,3,2026-07-16T17:17:11.262493+00:00
361,UCLQKT3819R,5,4,2026-07-16T17:17:26.958690+00:00
362,UCLY5TYE7T0,1,1,2026-07-16T21:30:33.808069+00:00
363,UCLY5TYE7T0,1,2,2026-07-16T21:32:07.655545+00:00
364,UCLY5TYE7T0,1,3,2026-07-16T21:32:37.818745+00:00
365,UCLY5TYE7T0,1,4,2026-07-16T21:33:25.793941+00:00
366,UCLY5TYE7T0,2,1,2026-07-16T21:35:32.275873+00:00
367,UCLY5TYE7T0,2,2,2026-07-16T21:35:32.289523+00:00
368,UCLY5TYE7T0,2,3,2026-07-16T21:36:29.339762+00:00
369,UCLY5TYE7T0,2,4,2026-07-16T21:38:31.256876+00:00
370,UCLY5TYE7T0,3,1,2026-07-16T21:40:35.475482+00:00
371,UCLY5TYE7T0,3,2,2026-07-16T21:40:46.106072+00:00
372,UCLY5TYE7T0,3,3,2026-07-16T21:41:44.994879+00:00
373,UCLY5TYE7T0,3,4,2026-07-16T21:43:03.769793+00:00
374,UCLY5TYE7T0,4,1,2026-07-16T21:45:37.886710+00:00
375,UCLY5TYE7T0,4,2,2026-07-16T21:45:37.899492+00:00
376,UCLY5TYE7T0,4,3,2026-07-16T21:46:08.069484+00:00
377,UCLY5TYE7T0,4,4,2026-07-16T21:48:32.041683+00:00
378,UCLY5TYE7T0,5,1,2026-07-16T21:50:48.483247+00:00
379,UCLY5TYE7T0,5,2,2026-07-16T21:51:03.609103+00:00
380,UCLY5TYE7T0,5,3,2026-07-16T21:51:47.043003+00:00
381,UCLY5TYE7T0,5,4,2026-07-16T21:51:47.087308+00:00
382,UCL7YJM913F,1,1,2026-07-17T12:46:41.868383+00:00
383,UCL7YJM913F,1,2,2026-07-17T12:49:55.013365+00:00
384,UCL7YJM913F,1,3,2026-07-17T12:50:25.392197+00:00
385,UCL7YJM913F,2,1,2026-07-17T12:51:39.321389+00:00
386,UCL7YJM913F,2,2,2026-07-17T12:52:07.573434+00:00
387,UCL7YJM913F,2,3,2026-07-17T12:53:25.295456+00:00
388,UCL7YJM913F,2,4,2026-07-17T12:54:23.084799+00:00
389,UCL7YJM913F,3,1,2026-07-17T12:56:32.291280+00:00
390,UCL7YJM913F,3,2,2026-07-17T12:56:32.306162+00:00
391,UCL7YJM913F,3,3,2026-07-17T12:56:48.190821+00:00
392,UCL7YJM913F,3,4,2026-07-17T12:56:59.185814+00:00
393,UCL7YJM913F,4,1,2026-07-17T12:59:03.132085+00:00
394,UCL7YJM913F,4,2,2026-07-17T12:59:03.145936+00:00
395,UCL7YJM913F,4,3,2026-07-17T12:59:33.394866+00:00
396,UCL7YJM913F,4,4,2026-07-17T12:59:33.468421+00:00
397,UCL7YJM913F,5,1,2026-07-17T13:02:08.568221+00:00
398,UCL7YJM913F,5,2,2026-07-17T13:02:16.850272+00:00
399,UCL7YJM913F,5,3,2026-07-17T13:03:11.029182+00:00
400,UCL7YJM913F,5,4,2026-07-17T13:03:36.314383+00:00
401,UCL74OBTXFB,1,1,2026-07-17T15:04:40.734372+00:00
402,UCL74OBTXFB,1,2,2026-07-17T15:06:08.788054+00:00
403,UCL74OBTXFB,1,3,2026-07-17T15:07:42.921284+00:00
404,UCL74OBTXFB,1,4,2026-07-17T15:08:24.861886+00:00
405,UCL74OBTXFB,2,1,2026-07-17T15:08:49.169431+00:00
406,UCL74OBTXFB,2,2,2026-07-17T15:09:21.956018+00:00
407,UCL74OBTXFB,2,3,2026-07-17T15:10:34.662074+00:00
408,UCL74OBTXFB,2,4,2026-07-17T15:11:00.534392+00:00
409,UCL74OBTXFB,3,1,2026-07-17T15:13:06.880853+00:00
410,UCL74OBTXFB,3,2,2026-07-17T15:13:26.568165+00:00
411,UCL74OBTXFB,3,3,2026-07-17T15:13:49.427453+00:00
412,UCL74OBTXFB,3,4,2026-07-17T15:14:36.154766+00:00
413,UCL74OBTXFB,4,1,2026-07-17T15:15:17.630841+00:00
414,UCL74OBTXFB,4,2,2026-07-17T15:15:17.646743+00:00
415,UCL74OBTXFB,4,3,2026-07-17T15:15:43.201667+00:00
416,UCL74OBTXFB,4,4,2026-07-17T15:15:56.846699+00:00
417,UCL74OBTXFB,5,1,2026-07-17T15:17:22.163916+00:00
418,UCL74OBTXFB,5,2,2026-07-17T15:17:22.179646+00:00
419,UCL74OBTXFB,5,3,2026-07-17T15:17:22.212836+00:00
420,UCL74OBTXFB,5,4,2026-07-17T15:18:17.064307+00:00
421,UCLK6ZL2YU1,1,1,2026-07-18T20:31:29.975119+00:00
422,UCLK6ZL2YU1,1,2,2026-07-18T20:32:47.274063+00:00
423,UCLK6ZL2YU1,1,3,2026-07-18T20:33:53.518195+00:00
424,UCLK6ZL2YU1,1,4,2026-07-18T20:35:23.798937+00:00
425,UCLK6ZL2YU1,2,1,2026-07-18T20:36:29.019227+00:00
426,UCLK6ZL2YU1,2,2,2026-07-18T20:36:29.034686+00:00
427,UCLK6ZL2YU1,2,3,2026-07-18T20:38:48.466492+00:00
428,UCLK6ZL2YU1,3,1,2026-07-18T20:41:30.628395+00:00
429,UCLK6ZL2YU1,3,2,2026-07-18T20:42:03.227434+00:00
430,UCLK6ZL2YU1,3,3,2026-07-18T20:44:21.181350+00:00
431,UCLK6ZL2YU1,3,4,2026-07-18T20:45:13.010079+00:00
432,UCLK6ZL2YU1,4,1,2026-07-18T20:46:06.500149+00:00
433,UCLK6ZL2YU1,4,2,2026-07-18T20:46:06.513847+00:00
434,UCLK6ZL2YU1,4,3,2026-07-18T20:46:51.153692+00:00
435,UCLK6ZL2YU1,5,1,2026-07-18T20:51:07.058920+00:00
436,UCLK6ZL2YU1,5,2,2026-07-18T20:52:19.801004+00:00
437,UCLK6ZL2YU1,5,3,2026-07-18T20:55:15.317427+00:00
438,UCLK6ZL2YU1,5,4,2026-07-18T20:55:28.662215+00:00
439,UCL9DJRTOSG,1,1,2026-07-19T01:48:06.661331+00:00
440,UCL5G98R8JI,1,1,2026-07-19T14:29:44.137022+00:00
441,UCL5G98R8JI,1,2,2026-07-19T14:30:09.814119+00:00
442,UCL5G98R8JI,1,3,2026-07-19T14:30:55.219518+00:00
443,UCL5G98R8JI,1,4,2026-07-19T14:32:13.370071+00:00
444,UCL5G98R8JI,2,1,2026-07-19T14:32:26.520123+00:00
445,UCL5G98R8JI,2,2,2026-07-19T14:32:42.566132+00:00
446,UCL5G98R8JI,2,3,2026-07-19T14:33:23.504658+00:00
447,UCL5G98R8JI,2,4,2026-07-19T14:33:48.120853+00:00
448,UCL5G98R8JI,3,1,2026-07-19T14:33:56.146167+00:00
449,UCL5G98R8JI,3,2,2026-07-19T14:34:41.298131+00:00
450,UCL5G98R8JI,3,3,2026-07-19T14:35:26.875686+00:00
451,UCL5G98R8JI,3,4,2026-07-19T14:36:40.517849+00:00
452,UCL5G98R8JI,4,1,2026-07-19T14:36:51.326254+00:00
453,UCL5G98R8JI,4,2,2026-07-19T14:37:10.968329+00:00
454,UCL5G98R8JI,4,3,2026-07-19T14:37:56.115325+00:00
455,UCL5G98R8JI,4,4,2026-07-19T14:38:24.338154+00:00
456,UCL5G98R8JI,5,1,2026-07-19T14:38:43.119737+00:00
457,UCL5G98R8JI,5,2,2026-07-19T14:38:43.134962+00:00
458,UCL5G98R8JI,5,3,2026-07-19T14:39:01.144399+00:00
459,UCL5G98R8JI,5,4,2026-07-19T14:39:35.627196+00:00
460,UCLGVXX8SZQ,1,1,2026-07-19T17:29:25.497716+00:00
461,UCLGVXX8SZQ,1,2,2026-07-19T17:29:42.218888+00:00
462,UCLGVXX8SZQ,1,3,2026-07-19T17:29:57.273467+00:00
463,UCLGVXX8SZQ,1,4,2026-07-19T17:30:10.197621+00:00
464,UCLGVXX8SZQ,2,1,2026-07-19T17:30:26.246601+00:00
465,UCLGVXX8SZQ,2,2,2026-07-19T17:30:45.605491+00:00
466,UCLGVXX8SZQ,2,3,2026-07-19T17:30:59.747970+00:00
467,UCLGVXX8SZQ,2,4,2026-07-19T17:31:12.746199+00:00
468,UCLGVXX8SZQ,3,1,2026-07-19T17:32:40.307905+00:00
469,UCLGVXX8SZQ,3,2,2026-07-19T17:32:40.325657+00:00
470,UCLGVXX8SZQ,3,3,2026-07-19T17:32:56.817368+00:00
471,UCLGVXX8SZQ,3,4,2026-07-19T17:32:58.458240+00:00
472,UCLGVXX8SZQ,4,1,2026-07-19T17:33:26.763722+00:00
473,UCLGVXX8SZQ,4,2,2026-07-19T17:33:42.721105+00:00
474,UCLGVXX8SZQ,4,3,2026-07-19T17:33:52.679754+00:00
475,UCLGVXX8SZQ,4,4,2026-07-19T17:33:55.851769+00:00
476,UCLGVXX8SZQ,5,1,2026-07-19T17:34:34.791828+00:00
477,UCLGVXX8SZQ,5,2,2026-07-19T17:34:34.808181+00:00
478,UCLGVXX8SZQ,5,3,2026-07-19T17:34:41.581538+00:00
479,UCLGVXX8SZQ,5,4,2026-07-19T17:34:45.586111+00:00
480,UCL8PEWAHAG,1,1,2026-07-19T21:09:03.919767+00:00
481,UCL8PEWAHAG,2,1,2026-07-19T21:14:01.975703+00:00
482,UCL8PEWAHAG,3,1,2026-07-19T21:19:03.909845+00:00
483,UCL8PEWAHAG,3,2,2026-07-19T21:19:03.926033+00:00
484,UCL8PEWAHAG,4,1,2026-07-19T21:24:05.912411+00:00
485,UCL8PEWAHAG,4,2,2026-07-19T21:25:23.346215+00:00
486,UCL8PEWAHAG,4,3,2026-07-19T21:29:04.237876+00:00
487,UCL8PEWAHAG,5,1,2026-07-19T21:29:08.614639+00:00
488,UCL8PEWAHAG,5,2,2026-07-19T21:29:08.630897+00:00
489,UCL8PEWAHAG,5,3,2026-07-19T21:29:08.689410+00:00
490,UCL8PEWAHAG,5,4,2026-07-19T21:29:41.481027+00:00
491,UCLSPQP3TAQ,1,1,2026-07-20T07:15:54.756141+00:00
492,UCLSPQP3TAQ,1,2,2026-07-20T07:18:20.144199+00:00
493,UCLSPQP3TAQ,1,3,2026-07-20T07:18:53.839649+00:00
494,UCLSPQP3TAQ,1,4,2026-07-20T07:20:43.902465+00:00
495,UCLSPQP3TAQ,2,1,2026-07-20T07:20:53.496517+00:00
496,UCLSPQP3TAQ,2,2,2026-07-20T07:21:39.837956+00:00
497,UCLSPQP3TAQ,2,3,2026-07-20T07:23:55.469422+00:00
498,UCLSPQP3TAQ,2,4,2026-07-20T07:25:22.897304+00:00
499,UCLSPQP3TAQ,3,1,2026-07-20T07:25:55.176404+00:00
500,UCLSPQP3TAQ,3,2,2026-07-20T07:26:38.139284+00:00
501,UCLSPQP3TAQ,3,3,2026-07-20T07:27:08.235840+00:00
502,UCLSPQP3TAQ,3,4,2026-07-20T07:27:23.655344+00:00
503,UCLSPQP3TAQ,4,1,2026-07-20T07:29:19.146731+00:00
504,UCLSPQP3TAQ,4,2,2026-07-20T07:29:31.966633+00:00
505,UCLSPQP3TAQ,4,3,2026-07-20T07:29:57.739820+00:00
506,UCLSPQP3TAQ,4,4,2026-07-20T07:30:14.971382+00:00
507,UCLSPQP3TAQ,5,1,2026-07-20T07:30:44.348864+00:00
508,UCLSPQP3TAQ,5,2,2026-07-20T07:30:44.362616+00:00
509,UCLSPQP3TAQ,5,3,2026-07-20T07:34:27.026916+00:00
510,UCLSPQP3TAQ,5,4,2026-07-20T07:34:46.131860+00:00
511,UCLJ7ODFWR7,1,1,2026-07-20T10:54:59.235447+00:00
512,UCLJ7ODFWR7,1,2,2026-07-20T10:55:46.155961+00:00
513,UCLJ7ODFWR7,1,3,2026-07-20T10:56:51.684468+00:00
514,UCLJ7ODFWR7,1,4,2026-07-20T10:57:39.061595+00:00
515,UCLJ7ODFWR7,2,1,2026-07-20T10:59:56.119897+00:00
516,UCLJ7ODFWR7,2,2,2026-07-20T10:59:56.136447+00:00
517,UCLJ7ODFWR7,2,3,2026-07-20T11:00:24.085835+00:00
518,UCLJ7ODFWR7,2,4,2026-07-20T11:01:00.420735+00:00
519,UCLJ7ODFWR7,3,1,2026-07-20T11:03:25.411539+00:00
520,UCLJ7ODFWR7,3,2,2026-07-20T11:04:02.447133+00:00
521,UCLJ7ODFWR7,3,3,2026-07-20T11:04:30.077913+00:00
522,UCLJ7ODFWR7,3,4,2026-07-20T11:05:07.095710+00:00
523,UCLJ7ODFWR7,4,1,2026-07-20T11:06:07.615042+00:00
524,UCLJ7ODFWR7,4,2,2026-07-20T11:06:15.950228+00:00
525,UCLJ7ODFWR7,4,3,2026-07-20T11:06:38.850349+00:00
526,UCLJ7ODFWR7,4,4,2026-07-20T11:06:57.502393+00:00
527,UCLJ7ODFWR7,5,1,2026-07-20T11:08:36.917148+00:00
528,UCLJ7ODFWR7,5,2,2026-07-20T11:08:44.895708+00:00
529,UCLJ7ODFWR7,5,3,2026-07-20T11:09:14.055250+00:00
530,UCLJ7ODFWR7,5,4,2026-07-20T11:09:20.752807+00:00
531,UCLYFQMGG1H,1,1,2026-07-20T13:31:18.244745+00:00
532,UCLYFQMGG1H,1,2,2026-07-20T13:31:29.371234+00:00
533,UCLYFQMGG1H,1,3,2026-07-20T13:31:40.018674+00:00
534,UCLYFQMGG1H,1,4,2026-07-20T13:32:09.032103+00:00
535,UCLYFQMGG1H,2,1,2026-07-20T13:32:20.338691+00:00
536,UCLYFQMGG1H,2,2,2026-07-20T13:32:25.922504+00:00
537,UCLYFQMGG1H,2,3,2026-07-20T13:32:36.557634+00:00
538,UCLYFQMGG1H,2,4,2026-07-20T13:32:48.343061+00:00
539,UCLYFQMGG1H,3,1,2026-07-20T13:33:02.577487+00:00
540,UCLYFQMGG1H,3,2,2026-07-20T13:33:11.249319+00:00
541,UCLYFQMGG1H,3,3,2026-07-20T13:33:12.975737+00:00
542,UCLYFQMGG1H,3,4,2026-07-20T13:33:20.945757+00:00
543,UCLYFQMGG1H,4,1,2026-07-20T13:33:40.227253+00:00
544,UCLYFQMGG1H,4,2,2026-07-20T13:33:40.239439+00:00
545,UCLYFQMGG1H,4,3,2026-07-20T13:33:40.588213+00:00
546,UCLYFQMGG1H,4,4,2026-07-20T13:33:40.938379+00:00
547,UCLYFQMGG1H,5,1,2026-07-20T13:35:00.286831+00:00
548,UCLYFQMGG1H,5,2,2026-07-20T13:35:06.231256+00:00
549,UCLYFQMGG1H,5,3,2026-07-20T13:35:08.324494+00:00
550,UCLYFQMGG1H,5,4,2026-07-20T13:35:18.051896+00:00
551,UCLEMJ5PXS5,1,1,2026-07-21T00:22:38.222144+00:00
552,UCLEMJ5PXS5,1,2,2026-07-21T00:22:55.763418+00:00
553,UCLEMJ5PXS5,2,1,2026-07-21T00:27:36.933168+00:00
554,UCL0ZGVZV11,1,1,2026-07-21T00:39:16.391719+00:00
555,UCL0ZGVZV11,1,2,2026-07-21T00:39:33.160386+00:00
556,UCL0ZGVZV11,1,3,2026-07-21T00:39:51.849770+00:00
557,UCL0ZGVZV11,2,1,2026-07-21T00:44:14.176919+00:00
558,UCL0ZGVZV11,2,2,2026-07-21T00:44:28.828522+00:00
559,UCL0ZGVZV11,2,3,2026-07-21T00:44:54.462611+00:00
560,UCL0ZGVZV11,3,1,2026-07-21T00:49:16.097866+00:00
561,UCL0ZGVZV11,3,2,2026-07-21T00:49:16.113007+00:00
562,UCL0ZGVZV11,3,3,2026-07-21T00:49:29.547654+00:00
563,UCL0ZGVZV11,3,4,2026-07-21T00:50:09.977639+00:00
564,UCL0ZGVZV11,4,1,2026-07-21T00:51:22.897261+00:00
565,UCL0ZGVZV11,4,2,2026-07-21T00:51:33.330965+00:00
566,UCL0ZGVZV11,4,3,2026-07-21T00:51:45.205746+00:00
567,UCL0ZGVZV11,4,4,2026-07-21T00:51:55.619395+00:00
568,UCL0ZGVZV11,5,1,2026-07-21T00:52:41.123189+00:00
569,UCL0ZGVZV11,5,2,2026-07-21T00:52:45.893061+00:00
570,UCL0ZGVZV11,5,3,2026-07-21T00:52:56.008240+00:00
571,UCL0ZGVZV11,5,4,2026-07-21T00:53:12.045748+00:00
572,UCLCEUS0U3T,1,1,2026-07-21T08:50:30.814405+00:00
573,UCLCEUS0U3T,1,2,2026-07-21T08:51:01.128718+00:00
574,UCLCEUS0U3T,1,3,2026-07-21T08:51:38.031469+00:00
575,UCLCEUS0U3T,1,4,2026-07-21T08:53:26.367495+00:00
576,UCLCEUS0U3T,2,1,2026-07-21T08:55:28.961297+00:00
577,UCLCEUS0U3T,2,2,2026-07-21T08:55:41.844218+00:00
578,UCLCEUS0U3T,2,3,2026-07-21T08:56:01.672489+00:00
579,UCLCEUS0U3T,2,4,2026-07-21T08:59:49.674416+00:00
580,UCLCEUS0U3T,3,1,2026-07-21T09:00:30.816882+00:00
581,UCLCEUS0U3T,3,2,2026-07-21T09:01:00.036615+00:00
582,UCLCEUS0U3T,4,1,2026-07-21T09:05:31.876183+00:00
583,UCLCEUS0U3T,4,2,2026-07-21T09:05:31.891378+00:00
584,UCLCEUS0U3T,4,3,2026-07-21T09:05:57.078772+00:00
585,UCLCEUS0U3T,4,4,2026-07-21T09:06:02.428044+00:00
586,UCLCEUS0U3T,5,1,2026-07-21T09:10:36.598317+00:00
587,UCLCEUS0U3T,5,2,2026-07-21T09:10:55.343029+00:00
588,UCLCEUS0U3T,5,3,2026-07-21T09:11:39.738621+00:00
589,UCLCEUS0U3T,5,4,2026-07-21T09:11:39.940921+00:00
590,UCLRS30TB8T,1,1,2026-07-21T13:03:29.405306+00:00
591,UCLRS30TB8T,1,2,2026-07-21T13:03:48.393633+00:00
592,UCLRS30TB8T,1,3,2026-07-21T13:05:53.794703+00:00
593,UCLRS30TB8T,1,4,2026-07-21T13:06:19.511920+00:00
594,UCLRS30TB8T,2,1,2026-07-21T13:08:37.553301+00:00
595,UCLRS30TB8T,2,2,2026-07-21T13:10:14.122155+00:00
596,UCLRS30TB8T,2,3,2026-07-21T13:10:35.204494+00:00
597,UCLRS30TB8T,2,4,2026-07-21T13:10:42.951942+00:00
598,UCLRS30TB8T,3,1,2026-07-21T13:11:34.067286+00:00
599,UCLRS30TB8T,3,2,2026-07-21T13:13:17.367041+00:00
600,UCLRS30TB8T,3,3,2026-07-21T13:13:54.474412+00:00
601,UCLRS30TB8T,3,4,2026-07-21T13:14:24.711187+00:00
602,UCLRS30TB8T,4,1,2026-07-21T13:14:46.959667+00:00
603,UCLRS30TB8T,4,2,2026-07-21T13:14:46.975635+00:00
604,UCLRS30TB8T,4,3,2026-07-21T13:15:02.815294+00:00
605,UCLRS30TB8T,5,1,2026-07-21T13:19:47.377168+00:00
606,UCLRS30TB8T,5,2,2026-07-21T13:21:40.686845+00:00
607,UCLRS30TB8T,5,3,2026-07-21T13:21:41.393279+00:00
608,UCLRS30TB8T,5,4,2026-07-21T13:22:06.654707+00:00
609,UCLWFFUNV3X,1,1,2026-07-21T14:39:18.968598+00:00
610,UCLWFFUNV3X,1,2,2026-07-21T14:39:29.775866+00:00
611,UCLWFFUNV3X,1,3,2026-07-21T14:39:45.166875+00:00
612,UCLWFFUNV3X,1,4,2026-07-21T14:39:53.872226+00:00
613,UCLWFFUNV3X,2,1,2026-07-21T14:39:58.486485+00:00
614,UCLWFFUNV3X,2,2,2026-07-21T14:40:07.930165+00:00
615,UCLWFFUNV3X,2,3,2026-07-21T14:40:17.228638+00:00
616,UCLWFFUNV3X,2,4,2026-07-21T14:40:29.656623+00:00
617,UCLWFFUNV3X,3,1,2026-07-21T14:40:47.753665+00:00
618,UCLWFFUNV3X,3,2,2026-07-21T14:40:54.929606+00:00
619,UCLWFFUNV3X,3,3,2026-07-21T14:41:13.699521+00:00
620,UCLWFFUNV3X,3,4,2026-07-21T14:41:21.812281+00:00
621,UCLWFFUNV3X,4,1,2026-07-21T14:41:40.526152+00:00
622,UCLWFFUNV3X,4,2,2026-07-21T14:41:49.444110+00:00
623,UCLWFFUNV3X,4,3,2026-07-21T14:41:57.961777+00:00
624,UCLWFFUNV3X,4,4,2026-07-21T14:41:59.240956+00:00
625,UCLWFFUNV3X,5,1,2026-07-21T14:42:11.358338+00:00
626,UCLWFFUNV3X,5,2,2026-07-21T14:42:19.232240+00:00
627,UCLWFFUNV3X,5,3,2026-07-21T14:42:52.495134+00:00
628,UCLWFFUNV3X,5,4,2026-07-21T14:42:54.108343+00:00
629,UCL1PPV337K,1,1,2026-07-21T22:27:59.631046+00:00
630,UCLWA213LXW,1,1,2026-07-22T05:19:44.126430+00:00
631,UCLWA213LXW,1,2,2026-07-22T05:19:52.585299+00:00
632,UCLWA213LXW,1,3,2026-07-22T05:20:07.039308+00:00
633,UCLWA213LXW,1,4,2026-07-22T05:20:16.043957+00:00
634,UCLWA213LXW,2,1,2026-07-22T05:20:22.925591+00:00
635,UCLWA213LXW,2,2,2026-07-22T05:20:51.782895+00:00
636,UCLWA213LXW,2,3,2026-07-22T05:21:09.034873+00:00
637,UCLWA213LXW,2,4,2026-07-22T05:21:18.706565+00:00
638,UCLWA213LXW,3,1,2026-07-22T05:21:24.856001+00:00
639,UCLWA213LXW,3,2,2026-07-22T05:21:38.747719+00:00
640,UCLWA213LXW,3,3,2026-07-22T05:22:13.417102+00:00
641,UCLWA213LXW,3,4,2026-07-22T05:22:15.497694+00:00
642,UCLWA213LXW,4,1,2026-07-22T05:22:22.119466+00:00
643,UCLWA213LXW,4,2,2026-07-22T05:22:22.135913+00:00
644,UCLWA213LXW,4,3,2026-07-22T05:22:53.872609+00:00
645,UCLWA213LXW,4,4,2026-07-22T05:22:55.411694+00:00
646,UCLWA213LXW,5,1,2026-07-22T05:23:06.489727+00:00
647,UCLWA213LXW,5,2,2026-07-22T05:23:06.502962+00:00
648,UCLWA213LXW,5,3,2026-07-22T05:24:11.385253+00:00
649,UCLWA213LXW,5,4,2026-07-22T05:24:11.975215+00:00
650,UCL33ZJQWRY,1,1,2026-07-23T08:35:37.995033+00:00
651,UCL33ZJQWRY,1,2,2026-07-23T08:35:58.422444+00:00
652,UCL33ZJQWRY,1,3,2026-07-23T08:36:27.052667+00:00
653,UCL33ZJQWRY,1,4,2026-07-23T08:36:59.450704+00:00
654,UCL33ZJQWRY,2,1,2026-07-23T08:38:00.093677+00:00
655,UCL33ZJQWRY,2,2,2026-07-23T08:38:09.960665+00:00
656,UCL33ZJQWRY,2,3,2026-07-23T08:38:58.171262+00:00
657,UCL33ZJQWRY,2,4,2026-07-23T08:39:15.002708+00:00
658,UCL33ZJQWRY,3,1,2026-07-23T08:39:44.786324+00:00
659,UCL33ZJQWRY,3,2,2026-07-23T08:39:57.672850+00:00
660,UCL33ZJQWRY,3,3,2026-07-23T08:40:58.535070+00:00
661,UCL33ZJQWRY,3,4,2026-07-23T08:41:11.793442+00:00
662,UCL33ZJQWRY,4,1,2026-07-23T08:42:34.776169+00:00
663,UCL33ZJQWRY,4,2,2026-07-23T08:42:44.396175+00:00
664,UCL33ZJQWRY,4,3,2026-07-23T08:42:58.581626+00:00
665,UCL33ZJQWRY,4,4,2026-07-23T08:43:02.128139+00:00
666,UCL33ZJQWRY,5,1,2026-07-23T08:43:46.242544+00:00
667,UCL33ZJQWRY,5,2,2026-07-23T08:43:53.744858+00:00
668,UCL33ZJQWRY,5,3,2026-07-23T08:43:57.485477+00:00
669,UCL33ZJQWRY,5,4,2026-07-23T08:44:28.456679+00:00
670,UCLJY0QZW9Y,1,1,2026-07-23T13:09:21.463698+00:00
671,UCLJY0QZW9Y,1,2,2026-07-23T13:09:41.892861+00:00
672,UCLJY0QZW9Y,1,3,2026-07-23T13:10:34.732502+00:00
673,UCLJY0QZW9Y,1,4,2026-07-23T13:11:16.318925+00:00
674,UCLJY0QZW9Y,2,1,2026-07-23T13:11:49.813667+00:00
675,UCLJY0QZW9Y,2,2,2026-07-23T13:12:05.773398+00:00
676,UCLJY0QZW9Y,2,3,2026-07-23T13:13:58.224123+00:00
677,UCLJY0QZW9Y,2,4,2026-07-23T13:14:29.013275+00:00
678,UCLJY0QZW9Y,3,1,2026-07-23T13:14:41.030091+00:00
679,UCLJY0QZW9Y,3,2,2026-07-23T13:14:53.811846+00:00
680,UCLJY0QZW9Y,3,3,2026-07-23T13:15:30.047083+00:00
681,UCLJY0QZW9Y,3,4,2026-07-23T13:16:07.561410+00:00
682,UCLJY0QZW9Y,4,1,2026-07-23T13:16:43.840211+00:00
683,UCLJY0QZW9Y,4,2,2026-07-23T13:16:43.852128+00:00
684,UCLJY0QZW9Y,4,3,2026-07-23T13:16:44.229421+00:00
685,UCLJY0QZW9Y,4,4,2026-07-23T13:18:03.451768+00:00
686,UCLJY0QZW9Y,5,1,2026-07-23T13:18:08.401030+00:00
687,UCLJY0QZW9Y,5,2,2026-07-23T13:18:08.417166+00:00
688,UCLFOO5A0LD,1,1,2026-07-24T18:58:18.626301+00:00
689,UCLYYFT2TFB,1,1,2026-07-24T19:28:59.226228+00:00
690,UCL1QVWML7H,1,1,2026-07-24T19:34:43.061501+00:00
705,UCL43JN2Z3V,1,1,2026-07-25T11:36:03.581966+00:00
706,UCL43JN2Z3V,1,2,2026-07-25T11:36:22.873481+00:00
707,UCL43JN2Z3V,1,3,2026-07-25T11:37:13.076760+00:00
708,UCL43JN2Z3V,1,4,2026-07-25T11:39:25.540306+00:00
709,UCL43JN2Z3V,2,1,2026-07-25T11:41:00.583382+00:00
710,UCL43JN2Z3V,2,2,2026-07-25T11:41:12.402787+00:00
711,UCL43JN2Z3V,2,3,2026-07-25T11:42:47.977630+00:00
712,UCL43JN2Z3V,2,4,2026-07-25T11:44:11.254745+00:00
713,UCL43JN2Z3V,3,1,2026-07-25T11:44:58.391971+00:00
714,UCL43JN2Z3V,3,2,2026-07-25T11:46:11.341229+00:00
715,UCL43JN2Z3V,3,3,2026-07-25T11:46:56.670439+00:00
716,UCL43JN2Z3V,3,4,2026-07-25T11:46:56.872025+00:00
717,UCL43JN2Z3V,4,1,2026-07-25T11:48:02.156940+00:00
718,UCL43JN2Z3V,4,2,2026-07-25T11:49:05.504286+00:00
719,UCL43JN2Z3V,4,3,2026-07-25T11:49:06.182150+00:00
720,UCL43JN2Z3V,4,4,2026-07-25T11:50:22.230174+00:00
721,UCL43JN2Z3V,5,1,2026-07-25T11:51:10.154136+00:00
722,UCL43JN2Z3V,5,2,2026-07-25T11:51:10.170200+00:00
723,UCL43JN2Z3V,5,3,2026-07-25T11:51:33.885276+00:00
724,UCL43JN2Z3V,5,4,2026-07-25T11:51:43.904928+00:00
725,UCLB1SIQD7H,1,1,2026-07-25T12:34:20.146069+00:00
726,UCLB1SIQD7H,1,2,2026-07-25T12:34:34.094571+00:00
727,UCLB1SIQD7H,1,3,2026-07-25T12:36:59.020640+00:00
728,UCLB1SIQD7H,2,1,2026-07-25T12:39:19.040144+00:00
729,UCLB1SIQD7H,2,2,2026-07-25T12:41:23.265609+00:00
730,UCLB1SIQD7H,2,3,2026-07-25T12:41:47.722133+00:00
731,UCLB1SIQD7H,2,4,2026-07-25T12:43:09.951018+00:00
732,UCLB1SIQD7H,3,1,2026-07-25T12:44:20.051526+00:00
733,UCLB1SIQD7H,3,2,2026-07-25T12:45:18.314625+00:00
734,UCLB1SIQD7H,3,3,2026-07-25T12:46:10.093936+00:00
735,UCLB1SIQD7H,3,4,2026-07-25T12:46:40.533019+00:00
736,UCLB1SIQD7H,4,1,2026-07-25T12:49:21.103730+00:00
737,UCLB1SIQD7H,4,2,2026-07-25T12:49:39.137591+00:00
738,UCLB1SIQD7H,4,3,2026-07-25T12:50:18.358599+00:00
739,UCLB1SIQD7H,4,4,2026-07-25T12:50:43.435849+00:00
740,UCLB1SIQD7H,5,1,2026-07-25T12:54:22.357881+00:00
741,UCLB1SIQD7H,5,2,2026-07-25T12:54:22.371077+00:00
742,UCLB1SIQD7H,5,3,2026-07-25T12:54:46.407716+00:00
743,UCLB1SIQD7H,5,4,2026-07-25T12:54:57.626110+00:00
744,UCLAT9TADY6,1,1,2026-07-26T09:13:12.319315+00:00
745,UCLAT9TADY6,1,2,2026-07-26T09:13:45.575406+00:00
746,UCLAT9TADY6,1,3,2026-07-26T09:14:37.405144+00:00
747,UCLAT9TADY6,1,4,2026-07-26T09:14:55.728677+00:00
748,UCLAT9TADY6,2,1,2026-07-26T09:15:03.114360+00:00
749,UCLAT9TADY6,2,2,2026-07-26T09:15:28.692737+00:00
750,UCLAT9TADY6,2,3,2026-07-26T09:15:58.577389+00:00
751,UCLAT9TADY6,2,4,2026-07-26T09:16:16.464810+00:00
752,UCLAT9TADY6,3,1,2026-07-26T09:16:46.264725+00:00
753,UCLAT9TADY6,3,2,2026-07-26T09:17:15.273209+00:00
754,UCLAT9TADY6,3,3,2026-07-26T09:17:28.895791+00:00
755,UCLAT9TADY6,3,4,2026-07-26T09:17:46.044708+00:00
756,UCLAT9TADY6,4,1,2026-07-26T09:18:38.915805+00:00
757,UCLAT9TADY6,4,2,2026-07-26T09:18:38.928807+00:00
758,UCLAT9TADY6,4,3,2026-07-26T09:18:52.990589+00:00
759,UCLAT9TADY6,4,4,2026-07-26T09:18:57.741782+00:00
760,UCLAT9TADY6,5,1,2026-07-26T09:20:06.350877+00:00
761,UCLAT9TADY6,5,2,2026-07-26T09:20:06.364065+00:00
762,UCLAT9TADY6,5,3,2026-07-26T09:20:14.121317+00:00
763,UCLAT9TADY6,5,4,2026-07-26T09:20:27.737709+00:00
764,UCLNRA0PN39,1,1,2026-07-26T13:18:34.047843+00:00
765,UCLNRA0PN39,1,2,2026-07-26T13:18:42.988817+00:00
766,UCLNRA0PN39,1,3,2026-07-26T13:18:56.985706+00:00
767,UCLNRA0PN39,1,4,2026-07-26T13:19:05.829947+00:00
768,UCLNRA0PN39,2,1,2026-07-26T13:20:18.267545+00:00
769,UCLNRA0PN39,2,2,2026-07-26T13:20:32.227736+00:00
770,UCLNRA0PN39,2,3,2026-07-26T13:20:46.963704+00:00
771,UCLNRA0PN39,2,4,2026-07-26T13:20:55.614686+00:00
772,UCLNRA0PN39,3,1,2026-07-26T13:21:13.621395+00:00
773,UCLNRA0PN39,3,2,2026-07-26T13:21:13.636892+00:00
774,UCLNRA0PN39,3,3,2026-07-26T13:21:13.926421+00:00
775,UCLNRA0PN39,3,4,2026-07-26T13:21:24.337369+00:00
776,UCLNRA0PN39,4,1,2026-07-26T13:21:38.081658+00:00
777,UCLNRA0PN39,4,2,2026-07-26T13:21:44.054712+00:00
778,UCLNRA0PN39,4,3,2026-07-26T13:21:53.265633+00:00
779,UCLNRA0PN39,4,4,2026-07-26T13:22:02.613027+00:00
780,UCLNRA0PN39,5,1,2026-07-26T13:22:18.978633+00:00
781,UCLNRA0PN39,5,2,2026-07-26T13:22:18.993474+00:00
782,UCLNRA0PN39,5,3,2026-07-26T13:22:19.758419+00:00
783,UCLNRA0PN39,5,4,2026-07-26T13:22:56.617168+00:00
784,UCLPVD8KCP9,1,1,2026-07-26T20:42:20.525153+00:00
