participant_id,month,round,action,rec_id,decision_created_at,rec_created_at,latency_s
UCLVG5H9CDR,1,1,Follow,36,2026-07-14T04:35:58.961241Z,2026-07-14T04:35:33.059527Z,25.9017140865326
UCLVG5H9CDR,1,2,Follow,37,2026-07-14T04:36:33.637913Z,2026-07-14T04:36:02.866763Z,30.7711498737335
UCLVG5H9CDR,1,3,Follow,38,2026-07-14T04:36:46.356579Z,2026-07-14T04:36:35.473195Z,10.8833839893341
UCLVG5H9CDR,1,4,Follow,39,2026-07-14T04:37:03.235151Z,2026-07-14T04:36:50.355830Z,12.8793210983276
UCLVG5H9CDR,2,1,Follow,40,2026-07-14T04:37:30.802283Z,2026-07-14T04:37:16.317453Z,14.4848301410675
UCLVG5H9CDR,2,2,Decline,41,2026-07-14T04:37:45.254290Z,2026-07-14T04:37:34.028127Z,11.22616314888
UCLVG5H9CDR,2,3,Follow,42,2026-07-14T04:38:28.713958Z,2026-07-14T04:38:17.090619Z,11.6233389377594
UCLVG5H9CDR,2,4,Follow,43,2026-07-14T04:39:06.117101Z,2026-07-14T04:38:56.380275Z,9.73682594299316
UCLVG5H9CDR,3,1,Follow,44,2026-07-14T04:39:28.926120Z,2026-07-14T04:39:15.868112Z,13.0580079555511
UCLVG5H9CDR,3,2,Unfollow,45,2026-07-14T04:39:41.631421Z,2026-07-14T04:39:30.352166Z,11.2792551517487
UCLVG5H9CDR,3,3,Unfollow,46,2026-07-14T04:39:53.237521Z,2026-07-14T04:39:43.835417Z,9.40210390090942
UCLVG5H9CDR,3,4,Follow,47,2026-07-14T04:40:10.996781Z,2026-07-14T04:39:55.709896Z,15.2868850231171
UCLVG5H9CDR,4,2,Unfollow,48,2026-07-14T04:41:37.472379Z,2026-07-14T04:41:24.273269Z,13.1991100311279
UCLVG5H9CDR,5,2,Unfollow,49,2026-07-14T04:42:59.172399Z,2026-07-14T04:42:51.988227Z,7.1841721534729
UCLVG5H9CDR,5,3,Unfollow,50,2026-07-14T04:43:09.149273Z,2026-07-14T04:43:02.183569Z,6.9657039642334
UCL4H0D91DM,1,1,Decline,51,2026-07-14T12:55:44.578145Z,2026-07-14T12:55:07.493962Z,37.0841829776764
UCL4H0D91DM,1,2,Follow,52,2026-07-14T12:55:59.888631Z,2026-07-14T12:55:46.786636Z,13.1019949913025
UCL4H0D91DM,1,3,Decline,53,2026-07-14T12:56:19.625693Z,2026-07-14T12:56:09.383254Z,10.242439031601
UCL4H0D91DM,1,4,Follow,54,2026-07-14T12:56:32.808938Z,2026-07-14T12:56:21.391950Z,11.4169881343842
UCL4H0D91DM,2,1,Decline,55,2026-07-14T12:56:47.511908Z,2026-07-14T12:56:39.115154Z,8.39675402641296
UCL4H0D91DM,2,2,Follow,56,2026-07-14T12:57:00.294381Z,2026-07-14T12:56:49.176549Z,11.1178319454193
UCL4H0D91DM,2,3,Follow,57,2026-07-14T12:57:16.985198Z,2026-07-14T12:57:02.078748Z,14.9064500331879
UCL4H0D91DM,2,4,Decline,58,2026-07-14T12:57:26.586314Z,2026-07-14T12:57:18.996730Z,7.58958387374878
UCL4H0D91DM,3,1,Decline,59,2026-07-14T12:57:37.984420Z,2026-07-14T12:57:32.100922Z,5.88349795341492
UCL4H0D91DM,3,2,Decline,60,2026-07-14T12:57:46.821255Z,2026-07-14T12:57:39.714549Z,7.10670590400696
UCL4H0D91DM,4,2,Follow,62,2026-07-14T13:10:46.759900Z,2026-07-14T13:10:38.378168Z,8.38173198699951
UCL4H0D91DM,4,3,Unfollow,63,2026-07-14T13:11:01.152748Z,2026-07-14T13:10:49.252200Z,11.9005482196808
UCL4H0D91DM,4,4,Follow,64,2026-07-14T13:11:18.805164Z,2026-07-14T13:11:07.777106Z,11.028058052063
UCL3254LKQG,1,1,Follow,66,2026-07-14T16:55:23.279890Z,2026-07-14T16:54:24.903744Z,58.3761460781097
UCL3254LKQG,1,2,Follow,67,2026-07-14T16:57:37.612673Z,2026-07-14T16:57:17.063750Z,20.5489230155945
UCL3254LKQG,2,1,Follow,69,2026-07-14T17:00:06.979441Z,2026-07-14T16:59:21.230322Z,45.7491190433502
UCL3254LKQG,2,2,Follow,70,2026-07-14T17:00:38.616217Z,2026-07-14T17:00:24.158154Z,14.4580628871918
UCL3254LKQG,2,4,Follow,71,2026-07-14T17:03:34.689863Z,2026-07-14T17:03:23.395485Z,11.2943780422211
UCL3254LKQG,3,1,Follow,72,2026-07-14T17:05:32.786759Z,2026-07-14T17:04:22.336754Z,70.4500048160553
UCL3254LKQG,3,2,Follow,73,2026-07-14T17:05:54.222122Z,2026-07-14T17:05:38.471112Z,15.7510099411011
UCL3254LKQG,4,1,Unfollow,74,2026-07-14T17:07:33.105935Z,2026-07-14T17:07:13.715293Z,19.3906421661377
UCL3254LKQG,4,4,Follow,75,2026-07-14T17:08:38.744936Z,2026-07-14T17:08:17.399110Z,21.3458259105682
UCL3254LKQG,5,1,Follow,76,2026-07-14T17:12:39.867674Z,2026-07-14T17:12:14.658096Z,25.209578037262
UCL3254LKQG,5,3,Unfollow,77,2026-07-14T17:12:58.150879Z,2026-07-14T17:12:43.927570Z,14.223308801651
UCL3254LKQG,5,4,Unfollow,78,2026-07-14T17:13:31.576504Z,2026-07-14T17:13:19.738847Z,11.8376569747925
UCL4WVABPXK,1,1,Follow,81,2026-07-14T18:08:35.443497Z,2026-07-14T18:08:21.846760Z,13.596736907959
UCL4WVABPXK,1,2,Decline,82,2026-07-14T18:08:50.597577Z,2026-07-14T18:08:43.412906Z,7.18467116355896
UCL4WVABPXK,1,3,Decline,83,2026-07-14T18:08:59.502185Z,2026-07-14T18:08:52.326099Z,7.17608618736267
UCL4WVABPXK,1,4,Decline,84,2026-07-14T18:09:06.551488Z,2026-07-14T18:09:00.077597Z,6.47389101982117
UCL4WVABPXK,2,1,Follow,85,2026-07-14T18:09:28.193801Z,2026-07-14T18:09:16.761546Z,11.4322550296783
UCL4WVABPXK,2,2,Decline,86,2026-07-14T18:09:41.596223Z,2026-07-14T18:09:34.944419Z,6.65180420875549
UCL4WVABPXK,2,3,Follow,87,2026-07-14T18:10:16.660674Z,2026-07-14T18:09:56.534237Z,20.1264371871948
UCL4WVABPXK,3,1,Follow,88,2026-07-14T18:12:14.720590Z,2026-07-14T18:10:24.022208Z,110.698382139206
UCL4WVABPXK,3,2,Follow,89,2026-07-14T18:12:28.714843Z,2026-07-14T18:12:18.646404Z,10.0684390068054
UCL4WVABPXK,4,2,Decline,90,2026-07-14T18:12:54.583470Z,2026-07-14T18:12:37.816747Z,16.7667231559753
UCL4WVABPXK,4,3,Decline,91,2026-07-14T18:13:22.166193Z,2026-07-14T18:13:11.942973Z,10.2232201099396
UCL4WVABPXK,4,4,Follow,92,2026-07-14T18:13:45.269390Z,2026-07-14T18:13:24.139298Z,21.1300921440125
UCL4WVABPXK,5,1,Unfollow,93,2026-07-14T18:15:54.605480Z,2026-07-14T18:14:55.455616Z,59.1498639583588
UCL6098GOLK,1,1,Decline,96,2026-07-14T18:45:28.281946Z,2026-07-14T18:43:26.658506Z,121.623440027237
UCL6098GOLK,1,2,Follow,97,2026-07-14T18:46:56.552494Z,2026-07-14T18:46:27.163060Z,29.3894340991974
UCL6098GOLK,1,3,Decline,98,2026-07-14T18:47:20.654376Z,2026-07-14T18:47:07.552376Z,13.1019999980927
UCL6098GOLK,2,1,Decline,99,2026-07-14T18:47:59.555505Z,2026-07-14T18:47:26.437285Z,33.1182200908661
UCL6098GOLK,2,2,Follow,100,2026-07-14T18:48:17.669217Z,2026-07-14T18:48:02.890459Z,14.7787580490112
UCL6098GOLK,2,3,Follow,101,2026-07-14T18:50:41.838260Z,2026-07-14T18:49:07.693786Z,94.144474029541
UCL6098GOLK,3,1,Follow,102,2026-07-14T18:52:34.490764Z,2026-07-14T18:50:50.152623Z,104.338140964508
UCL6098GOLK,5,1,Unfollow,103,2026-07-14T18:54:56.661115Z,2026-07-14T18:54:50.582544Z,6.07857084274292
UCL6098GOLK,5,3,Unfollow,104,2026-07-14T18:55:37.106242Z,2026-07-14T18:55:29.621237Z,7.48500490188599
UCLNC2C00CG,1,1,Follow,105,2026-07-14T23:28:03.514622Z,2026-07-14T23:27:29.878756Z,33.6358659267426
UCLNC2C00CG,1,2,Decline,106,2026-07-14T23:30:07.063297Z,2026-07-14T23:29:58.003165Z,9.06013202667236
UCLNC2C00CG,2,3,Decline,108,2026-07-14T23:33:42.551280Z,2026-07-14T23:33:28.381559Z,14.1697211265564
UCLNC2C00CG,3,1,Decline,109,2026-07-14T23:39:18.564049Z,2026-07-14T23:35:40.354577Z,218.209471940994
UCLNC2C00CG,4,1,Decline,110,2026-07-14T23:41:41.783227Z,2026-07-14T23:41:28.744847Z,13.038379907608
UCLDE02VDS2,1,1,Follow,113,2026-07-15T01:10:25.538145Z,2026-07-15T01:09:35.337779Z,50.2003660202026
UCLDE02VDS2,1,2,Follow,114,2026-07-15T01:10:59.428595Z,2026-07-15T01:10:37.295298Z,22.1332969665527
UCLDE02VDS2,1,3,Decline,115,2026-07-15T01:11:08.918415Z,2026-07-15T01:11:01.674086Z,7.24432897567749
UCLDE02VDS2,2,1,Decline,117,2026-07-15T01:11:45.231101Z,2026-07-15T01:11:23.824779Z,21.4063220024109
UCLDE02VDS2,2,2,Follow,118,2026-07-15T01:12:13.233475Z,2026-07-15T01:12:00.776930Z,12.4565448760986
UCLDE02VDS2,2,3,Follow,119,2026-07-15T01:12:31.370285Z,2026-07-15T01:12:15.065198Z,16.3050870895386
UCLDE02VDS2,3,1,Follow,120,2026-07-15T01:12:49.025521Z,2026-07-15T01:12:37.889831Z,11.1356899738312
UCLDE02VDS2,3,3,Unfollow,121,2026-07-15T01:13:05.312611Z,2026-07-15T01:12:51.804192Z,13.5084190368652
UCLDE02VDS2,3,4,Follow,122,2026-07-15T01:13:25.114869Z,2026-07-15T01:13:09.007184Z,16.1076850891113
UCLDE02VDS2,4,1,Unfollow,123,2026-07-15T01:13:37.577802Z,2026-07-15T01:13:31.227146Z,6.35065603256226
UCLDE02VDS2,5,1,Unfollow,124,2026-07-15T01:14:17.261694Z,2026-07-15T01:14:11.677524Z,5.58416986465454
UCLDE02VDS2,5,2,Follow,125,2026-07-15T01:14:33.673286Z,2026-07-15T01:14:19.451263Z,14.2220230102539
UCLDE02VDS2,5,3,Unfollow,126,2026-07-15T01:14:45.080423Z,2026-07-15T01:14:38.227915Z,6.85250806808472
UCL3GNOX0FG,1,1,Follow,129,2026-07-15T02:43:37.129405Z,2026-07-15T02:40:38.497138Z,178.632266998291
UCLOWSEFP4L,4,1,Follow,130,2026-07-15T02:42:07.129904Z,2026-07-15T02:41:23.190217Z,43.9396870136261
UCL3GNOX0FG,2,1,Follow,133,2026-07-15T02:46:30.178666Z,2026-07-15T02:45:35.253604Z,54.9250621795654
UCLOWSEFP4L,5,2,Decline,134,2026-07-15T02:46:44.616592Z,2026-07-15T02:46:24.543660Z,20.0729320049286
UCL3GNOX0FG,3,1,Follow,136,2026-07-15T02:51:20.596718Z,2026-07-15T02:50:45.910473Z,34.6862449645996
UCL3GNOX0FG,4,2,Follow,138,2026-07-15T02:55:58.572564Z,2026-07-15T02:55:48.460520Z,10.1120438575745
UCL3GNOX0FG,4,3,Unfollow,139,2026-07-15T02:56:48.771513Z,2026-07-15T02:56:28.999737Z,19.7717759609222
UCL3GNOX0FG,4,4,Follow,140,2026-07-15T02:57:21.486265Z,2026-07-15T02:57:06.566076Z,14.9201889038086
UCL3GNOX0FG,5,1,Unfollow,141,2026-07-15T03:02:15.751712Z,2026-07-15T03:02:09.845952Z,5.90576004981995
UCL3GNOX0FG,5,2,Follow,142,2026-07-15T03:03:06.934870Z,2026-07-15T03:02:40.143153Z,26.7917170524597
UCLUKB9CQI2,1,1,Decline,144,2026-07-15T04:26:20.699136Z,2026-07-15T04:26:11.805087Z,8.89404892921448
UCLUKB9CQI2,1,2,Follow,145,2026-07-15T04:27:45.461335Z,2026-07-15T04:26:45.522955Z,59.9383800029755
UCL5N72OPCK,1,1,Follow,148,2026-07-15T04:33:10.951307Z,2026-07-15T04:32:38.871954Z,32.079353094101
UCLUKB9CQI2,2,1,Follow,149,2026-07-15T04:33:17.841566Z,2026-07-15T04:32:46.900143Z,30.9414231777191
UCL5N72OPCK,1,2,Follow,150,2026-07-15T04:33:42.346908Z,2026-07-15T04:33:22.003316Z,20.3435921669006
UCLUKB9CQI2,2,2,Follow,151,2026-07-15T04:33:42.300906Z,2026-07-15T04:33:24.929771Z,17.3711349964142
UCLUKB9CQI2,2,3,Follow,152,2026-07-15T04:34:13.124583Z,2026-07-15T04:33:46.139212Z,26.9853711128235
UCL5N72OPCK,1,3,Follow,153,2026-07-15T04:34:31.113204Z,2026-07-15T04:34:17.945735Z,13.1674690246582
UCLUKB9CQI2,3,1,Follow,154,2026-07-15T04:34:30.190008Z,2026-07-15T04:34:21.610350Z,8.57965803146362
UCLUKB9CQI2,3,3,Follow,155,2026-07-15T04:34:57.456923Z,2026-07-15T04:34:34.004885Z,23.4520380496979
UCL5N72OPCK,2,1,Decline,156,2026-07-15T04:34:58.384828Z,2026-07-15T04:34:44.349080Z,14.0357480049133
UCL5N72OPCK,2,2,Follow,157,2026-07-15T04:35:30.481503Z,2026-07-15T04:35:03.443660Z,27.0378429889679
UCLUKB9CQI2,4,1,Unfollow,158,2026-07-15T04:35:11.606857Z,2026-07-15T04:35:05.312589Z,6.2942681312561
UCL5N72OPCK,2,3,Follow,159,2026-07-15T04:35:49.314376Z,2026-07-15T04:35:37.598295Z,11.7160811424255
UCLUKB9CQI2,4,4,Follow,160,2026-07-15T04:35:56.485669Z,2026-07-15T04:35:39.911095Z,16.5745739936829
UCL5N72OPCK,3,1,Unfollow,161,2026-07-15T04:36:19.219939Z,2026-07-15T04:35:55.649250Z,23.5706889629364
UCLUKB9CQI2,5,4,Unfollow,162,2026-07-15T04:36:28.924202Z,2026-07-15T04:36:21.349162Z,7.57503986358643
UCL5N72OPCK,3,2,Follow,163,2026-07-15T04:36:46.746887Z,2026-07-15T04:36:28.136926Z,18.6099610328674
UCL5N72OPCK,3,3,Unfollow,164,2026-07-15T04:37:05.507051Z,2026-07-15T04:36:51.144765Z,14.3622860908508
UCL5N72OPCK,4,2,Decline,165,2026-07-15T04:37:21.989466Z,2026-07-15T04:37:12.754193Z,9.2352728843689
UCL5N72OPCK,5,2,Unfollow,166,2026-07-15T04:37:57.882455Z,2026-07-15T04:37:45.626297Z,12.2561581134796
UCL0DHECO8C,1,1,Follow,168,2026-07-15T04:52:14.517743Z,2026-07-15T04:51:04.725298Z,69.7924451828003
UCL0DHECO8C,1,2,Decline,169,2026-07-15T04:53:34.507250Z,2026-07-15T04:52:44.944519Z,49.5627310276032
UCL0DHECO8C,1,3,Follow,170,2026-07-15T04:55:07.779537Z,2026-07-15T04:54:00.225768Z,67.5537688732147
UCL0DHECO8C,2,1,Follow,171,2026-07-15T04:55:55.077132Z,2026-07-15T04:55:30.061551Z,25.0155808925629
UCL0DHECO8C,2,2,Decline,172,2026-07-15T04:56:16.202328Z,2026-07-15T04:56:05.894434Z,10.3078939914703
UCL0DHECO8C,2,3,Follow,173,2026-07-15T04:56:33.759443Z,2026-07-15T04:56:20.067831Z,13.6916120052338
UCL0DHECO8C,3,1,Unfollow,174,2026-07-15T04:56:48.072097Z,2026-07-15T04:56:39.433701Z,8.63839602470398
UCL0DHECO8C,3,2,Unfollow,175,2026-07-15T04:57:18.112646Z,2026-07-15T04:57:04.980058Z,13.1325881481171
UCL0DHECO8C,3,3,Follow,176,2026-07-15T04:57:41.304490Z,2026-07-15T04:57:23.694869Z,17.6096210479736
UCL0DHECO8C,4,2,Decline,177,2026-07-15T04:58:03.517085Z,2026-07-15T04:57:52.323237Z,11.1938481330872
UCL0DHECO8C,4,3,Follow,178,2026-07-15T04:58:20.614854Z,2026-07-15T04:58:07.924740Z,12.6901140213013
UCL0DHECO8C,4,4,Unfollow,179,2026-07-15T04:58:40.066246Z,2026-07-15T04:58:27.408320Z,12.6579260826111
UCL0DHECO8C,5,2,Decline,180,2026-07-15T04:59:11.082064Z,2026-07-15T04:58:54.162253Z,16.9198110103607
UCLDHZ8L5KK,1,1,Follow,181,2026-07-15T14:53:20.105158Z,2026-07-15T14:52:57.324343Z,22.7808151245117
UCLDHZ8L5KK,1,2,Follow,182,2026-07-15T14:53:52.389078Z,2026-07-15T14:53:22.658868Z,29.7302098274231
UCLDHZ8L5KK,1,3,Follow,183,2026-07-15T14:55:39.207457Z,2026-07-15T14:53:55.850889Z,103.356568098068
UCLDHZ8L5KK,1,4,Decline,184,2026-07-15T14:55:48.765123Z,2026-07-15T14:55:40.883143Z,7.88197994232178
UCLDHZ8L5KK,2,1,Follow,185,2026-07-15T14:56:13.351904Z,2026-07-15T14:55:54.565580Z,18.7863240242004
UCLDHZ8L5KK,2,2,Decline,186,2026-07-15T14:56:29.312095Z,2026-07-15T14:56:15.320583Z,13.9915118217468
UCLDHZ8L5KK,2,3,Follow,187,2026-07-15T14:56:45.308607Z,2026-07-15T14:56:31.140535Z,14.1680719852448
UCLDHZ8L5KK,2,4,Decline,188,2026-07-15T14:56:59.116322Z,2026-07-15T14:56:47.209152Z,11.9071700572968
UCLDHZ8L5KK,3,1,Follow,189,2026-07-15T14:57:16.497244Z,2026-07-15T14:57:04.091219Z,12.4060249328613
UCLDHZ8L5KK,3,2,Unfollow,190,2026-07-15T14:57:28.790784Z,2026-07-15T14:57:18.450400Z,10.3403837680817
UCLDHZ8L5KK,3,3,Follow,191,2026-07-15T14:57:46.652217Z,2026-07-15T14:57:31.719551Z,14.9326658248901
UCLDHZ8L5KK,4,1,Follow,192,2026-07-15T14:58:34.292944Z,2026-07-15T14:58:18.557235Z,15.7357089519501
UCLDHZ8L5KK,5,4,Unfollow,193,2026-07-15T15:00:44.175769Z,2026-07-15T15:00:34.448692Z,9.7270770072937
UCLQS91725T,1,1,Follow,194,2026-07-16T13:01:02.504172Z,2026-07-16T12:59:56.226970Z,66.277202129364
UCLQS91725T,1,2,Decline,195,2026-07-16T13:03:05.210556Z,2026-07-16T13:01:55.722295Z,69.4882609844208
UCLQS91725T,1,3,Decline,196,2026-07-16T13:04:48.095889Z,2026-07-16T13:03:39.119912Z,68.9759771823883
UCLQS91725T,3,1,Decline,198,2026-07-16T13:13:01.556069Z,2026-07-16T13:09:54.620938Z,186.935130834579
UCLQS91725T,4,1,Unfollow,199,2026-07-16T13:17:17.120693Z,2026-07-16T13:14:55.550803Z,141.569890022278
UCL4XQH8LDO,1,1,Follow,202,2026-07-16T15:23:08.764365Z,2026-07-16T15:21:22.619837Z,106.14452791214
UCL4XQH8LDO,1,2,Follow,203,2026-07-16T15:24:36.478936Z,2026-07-16T15:23:39.114056Z,57.3648798465729
UCL3ABJV0L4,1,1,Decline,204,2026-07-16T15:26:30.604546Z,2026-07-16T15:24:52.404766Z,98.1997799873352
UCL4XQH8LDO,2,1,Follow,206,2026-07-16T15:26:33.720501Z,2026-07-16T15:26:22.195769Z,11.5247318744659
UCL4XQH8LDO,3,2,Follow,209,2026-07-16T15:31:35.870081Z,2026-07-16T15:31:24.974121Z,10.895959854126
UCL4XQH8LDO,3,4,Follow,210,2026-07-16T15:32:23.693781Z,2026-07-16T15:32:06.167685Z,17.526095867157
UCL3ABJV0L4,4,2,Decline,213,2026-07-16T15:44:01.241578Z,2026-07-16T15:40:49.576197Z,191.665381193161
UCL4XQH8LDO,5,3,Unfollow,214,2026-07-16T15:41:52.734757Z,2026-07-16T15:41:43.296363Z,9.43839383125305
UCLQKT3819R,1,1,Follow,216,2026-07-16T16:58:35.705142Z,2026-07-16T16:56:09.593194Z,146.111948013306
UCLQKT3819R,1,2,Follow,217,2026-07-16T16:59:40.455090Z,2026-07-16T16:58:38.788560Z,61.6665301322937
UCLQKT3819R,1,3,Follow,218,2026-07-16T17:00:13.757806Z,2026-07-16T16:59:45.182416Z,28.5753901004791
UCLQKT3819R,2,1,Decline,220,2026-07-16T17:01:17.462233Z,2026-07-16T17:01:12.263586Z,5.19864702224731
UCLQKT3819R,2,2,Decline,221,2026-07-16T17:01:34.126346Z,2026-07-16T17:01:20.490460Z,13.6358861923218
UCLQKT3819R,2,3,Decline,222,2026-07-16T17:03:29.230336Z,2026-07-16T17:01:39.709673Z,109.520663022995
UCLQKT3819R,2,4,Decline,223,2026-07-16T17:03:44.216574Z,2026-07-16T17:03:30.159873Z,14.0567009449005
UCLQKT3819R,3,1,Decline,224,2026-07-16T17:06:18.946424Z,2026-07-16T17:06:09.609303Z,9.33712100982666
UCLQKT3819R,3,2,Follow,225,2026-07-16T17:06:41.753898Z,2026-07-16T17:06:21.972187Z,19.7817108631134
UCLQKT3819R,3,3,Decline,226,2026-07-16T17:06:55.536269Z,2026-07-16T17:06:46.210683Z,9.32558584213257
UCLQKT3819R,3,4,Decline,227,2026-07-16T17:07:07.556689Z,2026-07-16T17:06:57.718490Z,9.83819913864136
UCLQKT3819R,4,1,Decline,228,2026-07-16T17:11:39.560692Z,2026-07-16T17:11:25.959138Z,13.6015541553497
UCLQKT3819R,4,3,Decline,229,2026-07-16T17:11:52.922412Z,2026-07-16T17:11:44.197739Z,8.72467303276062
UCLQKT3819R,5,1,Decline,230,2026-07-16T17:16:50.101844Z,2026-07-16T17:16:22.650140Z,27.4517040252686
UCLY5TYE7T0,1,1,Follow,231,2026-07-16T21:32:07.651901Z,2026-07-16T21:30:33.825720Z,93.826180934906
UCLY5TYE7T0,1,3,Follow,232,2026-07-16T21:33:25.790509Z,2026-07-16T21:33:08.948519Z,16.8419899940491
UCLY5TYE7T0,1,4,Follow,233,2026-07-16T21:34:10.775034Z,2026-07-16T21:33:56.129773Z,14.6452610492706
UCLY5TYE7T0,2,2,Decline,234,2026-07-16T21:36:29.336101Z,2026-07-16T21:36:15.778608Z,13.5574929714203
UCLY5TYE7T0,2,3,Decline,235,2026-07-16T21:38:31.253351Z,2026-07-16T21:38:18.441339Z,12.8120119571686
UCLY5TYE7T0,3,1,Decline,236,2026-07-16T21:40:46.102477Z,2026-07-16T21:40:35.491347Z,10.6111299991608
UCLY5TYE7T0,3,2,Follow,237,2026-07-16T21:41:44.991236Z,2026-07-16T21:41:16.886270Z,28.1049659252167
UCLY5TYE7T0,3,3,Unfollow,238,2026-07-16T21:43:03.766415Z,2026-07-16T21:42:42.127014Z,21.6394011974335
UCLY5TYE7T0,3,4,Unfollow,239,2026-07-16T21:43:44.785709Z,2026-07-16T21:43:34.458969Z,10.3267397880554
UCLY5TYE7T0,4,3,Unfollow,240,2026-07-16T21:48:32.038396Z,2026-07-16T21:48:20.017867Z,12.020528793335
UCLY5TYE7T0,5,1,Follow,241,2026-07-16T21:51:03.606480Z,2026-07-16T21:50:48.500646Z,15.1058337688446
UCL7YJM913F,1,1,Follow,242,2026-07-17T12:49:55.010159Z,2026-07-17T12:46:41.885019Z,193.125139951706
UCL7YJM913F,2,1,Follow,244,2026-07-17T12:52:07.570016Z,2026-07-17T12:51:39.336832Z,28.2331838607788
UCL7YJM913F,2,2,Decline,245,2026-07-17T12:53:25.292587Z,2026-07-17T12:53:13.463645Z,11.8289420604706
UCL7YJM913F,3,2,Unfollow,246,2026-07-17T12:56:48.187478Z,2026-07-17T12:56:32.378383Z,15.8090951442719
UCL7YJM913F,4,4,Unfollow,248,2026-07-17T13:00:29.390405Z,2026-07-17T13:00:04.407149Z,24.9832558631897
UCL7YJM913F,5,1,Unfollow,249,2026-07-17T13:02:16.846528Z,2026-07-17T13:02:08.584206Z,8.26232194900513
UCL7YJM913F,5,3,Follow,250,2026-07-17T13:03:36.310943Z,2026-07-17T13:03:11.100706Z,25.210236787796
UCL74OBTXFB,1,1,Follow,252,2026-07-17T15:06:08.784310Z,2026-07-17T15:04:40.751660Z,88.0326499938965
UCL74OBTXFB,1,2,Decline,253,2026-07-17T15:07:42.918713Z,2026-07-17T15:06:39.236804Z,63.6819090843201
UCL74OBTXFB,1,3,Decline,254,2026-07-17T15:08:24.859182Z,2026-07-17T15:07:52.780797Z,32.0783848762512
UCL74OBTXFB,1,4,Decline,255,2026-07-17T15:08:43.680720Z,2026-07-17T15:08:26.249242Z,17.4314780235291
UCL74OBTXFB,2,1,Follow,256,2026-07-17T15:09:21.952719Z,2026-07-17T15:08:49.185602Z,32.767117023468
UCL74OBTXFB,2,2,Decline,257,2026-07-17T15:10:34.659153Z,2026-07-17T15:09:38.596065Z,56.0630879402161
UCL74OBTXFB,2,3,Decline,258,2026-07-17T15:11:00.531972Z,2026-07-17T15:10:37.200938Z,23.3310339450836
UCL74OBTXFB,2,4,Follow,259,2026-07-17T15:11:45.442496Z,2026-07-17T15:11:23.465320Z,21.977175951004
UCL74OBTXFB,3,1,Decline,260,2026-07-17T15:13:26.565613Z,2026-07-17T15:13:06.895091Z,19.6705219745636
UCL74OBTXFB,3,2,Decline,261,2026-07-17T15:13:49.424502Z,2026-07-17T15:13:28.979117Z,20.445384979248
UCL74OBTXFB,3,3,Unfollow,262,2026-07-17T15:14:36.151376Z,2026-07-17T15:14:10.696139Z,25.4552369117737
UCL74OBTXFB,4,2,Follow,263,2026-07-17T15:15:43.198223Z,2026-07-17T15:15:17.687029Z,25.511194229126
UCLK6ZL2YU1,1,1,Follow,264,2026-07-18T20:32:47.270307Z,2026-07-18T20:31:29.991278Z,77.2790291309357
UCLK6ZL2YU1,1,2,Follow,265,2026-07-18T20:33:53.513624Z,2026-07-18T20:33:30.391363Z,23.1222610473633
UCLK6ZL2YU1,1,3,Follow,266,2026-07-18T20:35:23.794950Z,2026-07-18T20:35:00.552207Z,23.2427430152893
UCLK6ZL2YU1,1,4,Follow,267,2026-07-18T20:35:47.162185Z,2026-07-18T20:35:27.204172Z,19.9580130577087
UCLK6ZL2YU1,2,2,Follow,268,2026-07-18T20:38:48.462611Z,2026-07-18T20:37:58.751157Z,49.7114539146423
UCLK6ZL2YU1,3,1,Unfollow,270,2026-07-18T20:42:03.222959Z,2026-07-18T20:41:30.643829Z,32.5791299343109
UCLK6ZL2YU1,3,2,Decline,271,2026-07-18T20:44:21.178571Z,2026-07-18T20:44:07.655153Z,13.5234179496765
UCLK6ZL2YU1,3,3,Follow,272,2026-07-18T20:45:13.006928Z,2026-07-18T20:44:51.495507Z,21.5114209651947
UCLK6ZL2YU1,4,2,Unfollow,273,2026-07-18T20:46:51.150227Z,2026-07-18T20:46:36.574172Z,14.5760550498962
UCLK6ZL2YU1,5,1,Decline,274,2026-07-18T20:52:19.798193Z,2026-07-18T20:51:07.075690Z,72.7225029468536
UCLK6ZL2YU1,5,3,Decline,275,2026-07-18T20:55:28.659383Z,2026-07-18T20:55:15.408702Z,13.2506811618805
UCL5G98R8JI,1,1,Follow,277,2026-07-19T14:30:09.811021Z,2026-07-19T14:29:44.155573Z,25.6554481983185
UCL5G98R8JI,1,2,Follow,278,2026-07-19T14:30:55.216174Z,2026-07-19T14:30:17.824314Z,37.3918597698212
UCL5G98R8JI,1,3,Follow,279,2026-07-19T14:32:13.366291Z,2026-07-19T14:31:14.973251Z,58.3930399417877
UCL5G98R8JI,2,1,Follow,280,2026-07-19T14:32:42.563137Z,2026-07-19T14:32:26.536191Z,16.0269460678101
UCL5G98R8JI,2,2,Follow,281,2026-07-19T14:33:23.501365Z,2026-07-19T14:32:56.283118Z,27.2182469367981
UCL5G98R8JI,2,3,Follow,282,2026-07-19T14:33:48.117735Z,2026-07-19T14:33:27.921398Z,20.1963369846344
UCL5G98R8JI,3,1,Unfollow,283,2026-07-19T14:34:41.293924Z,2026-07-19T14:33:56.167461Z,45.12646317482
UCL5G98R8JI,3,2,Follow,284,2026-07-19T14:35:26.872417Z,2026-07-19T14:35:02.833962Z,24.0384550094605
UCL5G98R8JI,3,3,Follow,285,2026-07-19T14:36:40.514027Z,2026-07-19T14:35:33.661158Z,66.8528690338135
UCL5G98R8JI,4,1,Unfollow,286,2026-07-19T14:37:10.964917Z,2026-07-19T14:36:51.340334Z,19.6245830059052
UCL5G98R8JI,4,2,Follow,287,2026-07-19T14:37:56.112323Z,2026-07-19T14:37:34.233255Z,21.8790681362152
UCL5G98R8JI,4,3,Unfollow,288,2026-07-19T14:38:24.335324Z,2026-07-19T14:38:12.507241Z,11.8280830383301
UCL5G98R8JI,5,2,Unfollow,289,2026-07-19T14:39:01.140223Z,2026-07-19T14:38:54.298084Z,6.84213900566101
UCL5G98R8JI,5,3,Unfollow,290,2026-07-19T14:39:35.623338Z,2026-07-19T14:39:22.849298Z,12.7740399837494
UCL5G98R8JI,5,4,Unfollow,291,2026-07-19T14:40:07.778384Z,2026-07-19T14:40:00.852888Z,6.92549586296082
UCLGVXX8SZQ,1,1,Follow,292,2026-07-19T17:29:42.215119Z,2026-07-19T17:29:25.516746Z,16.6983728408813
UCLGVXX8SZQ,1,2,Follow,293,2026-07-19T17:29:57.269748Z,2026-07-19T17:29:45.905942Z,11.3638060092926
UCLGVXX8SZQ,1,3,Follow,294,2026-07-19T17:30:10.194492Z,2026-07-19T17:29:58.629528Z,11.564964056015
UCLGVXX8SZQ,1,4,Decline,295,2026-07-19T17:30:20.978968Z,2026-07-19T17:30:11.587316Z,9.39165186882019
UCLGVXX8SZQ,2,1,Follow,296,2026-07-19T17:30:45.602076Z,2026-07-19T17:30:26.263619Z,19.3384571075439
UCLGVXX8SZQ,2,2,Follow,297,2026-07-19T17:30:59.745053Z,2026-07-19T17:30:47.632467Z,12.1125860214233
UCLGVXX8SZQ,2,3,Follow,298,2026-07-19T17:31:12.742755Z,2026-07-19T17:31:01.217922Z,11.5248329639435
UCLGVXX8SZQ,3,2,Follow,299,2026-07-19T17:32:56.813962Z,2026-07-19T17:32:40.672190Z,16.1417720317841
UCLGVXX8SZQ,3,4,Follow,300,2026-07-19T17:33:20.655248Z,2026-07-19T17:32:58.818553Z,21.8366949558258
UCLGVXX8SZQ,4,1,Decline,301,2026-07-19T17:33:42.718215Z,2026-07-19T17:33:26.781755Z,15.936460018158
UCLGVXX8SZQ,4,2,Unfollow,302,2026-07-19T17:33:52.676868Z,2026-07-19T17:33:44.943398Z,7.73346996307373
UCLGVXX8SZQ,4,4,Follow,303,2026-07-19T17:34:12.466616Z,2026-07-19T17:33:56.194437Z,16.2721788883209
UCLGVXX8SZQ,5,2,Unfollow,304,2026-07-19T17:34:41.578423Z,2026-07-19T17:34:35.320648Z,6.25777506828308
UCL8PEWAHAG,4,1,Unfollow,308,2026-07-19T21:25:23.342271Z,2026-07-19T21:24:05.931816Z,77.4104549884796
UCLSPQP3TAQ,1,1,Decline,310,2026-07-20T07:18:20.141375Z,2026-07-20T07:15:54.772260Z,145.369115114212
UCLSPQP3TAQ,1,2,Follow,311,2026-07-20T07:18:53.836194Z,2026-07-20T07:18:24.098433Z,29.7377610206604
UCLSPQP3TAQ,1,3,Follow,312,2026-07-20T07:20:43.899194Z,2026-07-20T07:19:23.688271Z,80.2109229564667
UCLSPQP3TAQ,2,1,Follow,313,2026-07-20T07:21:39.834516Z,2026-07-20T07:20:53.510775Z,46.3237409591675
UCLSPQP3TAQ,2,2,Follow,314,2026-07-20T07:23:55.465492Z,2026-07-20T07:23:40.248221Z,15.2172710895538
UCLSPQP3TAQ,2,3,Follow,315,2026-07-20T07:25:22.893873Z,2026-07-20T07:25:03.243373Z,19.6505000591278
UCLSPQP3TAQ,3,1,Follow,316,2026-07-20T07:26:38.135119Z,2026-07-20T07:25:55.192011Z,42.9431078433991
UCLSPQP3TAQ,3,3,Follow,317,2026-07-20T07:27:23.652318Z,2026-07-20T07:27:08.449624Z,15.202693939209
UCLSPQP3TAQ,4,1,Unfollow,318,2026-07-20T07:29:31.963161Z,2026-07-20T07:29:19.161482Z,12.8016788959503
UCLSPQP3TAQ,4,2,Follow,319,2026-07-20T07:29:57.735887Z,2026-07-20T07:29:40.321904Z,17.4139831066132
UCLSPQP3TAQ,5,2,Unfollow,320,2026-07-20T07:34:27.023741Z,2026-07-20T07:34:02.243792Z,24.7799489498138
UCLJ7ODFWR7,1,1,Decline,321,2026-07-20T10:55:46.152625Z,2026-07-20T10:54:59.252115Z,46.9005100727081
UCLJ7ODFWR7,1,2,Follow,322,2026-07-20T10:56:51.681220Z,2026-07-20T10:56:04.816477Z,46.8647429943085
UCLJ7ODFWR7,1,3,Follow,323,2026-07-20T10:57:39.058089Z,2026-07-20T10:57:06.428503Z,32.629585981369
UCLJ7ODFWR7,1,4,Follow,324,2026-07-20T10:58:47.192666Z,2026-07-20T10:57:44.630772Z,62.5618939399719
UCLJ7ODFWR7,2,2,Decline,326,2026-07-20T11:00:24.082222Z,2026-07-20T11:00:11.090787Z,12.9914350509644
UCLJ7ODFWR7,2,3,Follow,327,2026-07-20T11:01:00.417401Z,2026-07-20T11:00:45.075655Z,15.3417460918427
UCLJ7ODFWR7,2,4,Follow,328,2026-07-20T11:01:35.749867Z,2026-07-20T11:01:17.400797Z,18.3490700721741
UCLJ7ODFWR7,3,1,Follow,329,2026-07-20T11:04:02.443275Z,2026-07-20T11:03:25.431895Z,37.0113799571991
UCLJ7ODFWR7,3,2,Unfollow,330,2026-07-20T11:04:30.074427Z,2026-07-20T11:04:19.053389Z,11.0210378170013
UCLJ7ODFWR7,3,3,Follow,331,2026-07-20T11:05:07.092866Z,2026-07-20T11:04:35.882158Z,31.2107079029083
UCLJ7ODFWR7,3,4,Unfollow,332,2026-07-20T11:05:19.057552Z,2026-07-20T11:05:10.192761Z,8.86479115486145
UCLJ7ODFWR7,4,1,Unfollow,334,2026-07-20T11:06:15.947170Z,2026-07-20T11:06:07.630814Z,8.31635594367981
UCLJ7ODFWR7,4,3,Unfollow,335,2026-07-20T11:06:57.499056Z,2026-07-20T11:06:48.359761Z,9.13929510116577
UCLJ7ODFWR7,5,1,Unfollow,336,2026-07-20T11:08:44.891695Z,2026-07-20T11:08:36.933917Z,7.95777797698975
UCLJ7ODFWR7,5,2,Follow,337,2026-07-20T11:09:14.052074Z,2026-07-20T11:08:55.140763Z,18.9113109111786
UCLYFQMGG1H,1,1,Follow,338,2026-07-20T13:31:29.368211Z,2026-07-20T13:31:18.262477Z,11.1057341098785
UCLYFQMGG1H,1,2,Follow,339,2026-07-20T13:31:40.013797Z,2026-07-20T13:31:30.973422Z,9.04037499427795
UCLYFQMGG1H,1,3,Follow,340,2026-07-20T13:32:09.027233Z,2026-07-20T13:31:51.592661Z,17.4345719814301
UCLYFQMGG1H,2,1,Decline,341,2026-07-20T13:32:25.919424Z,2026-07-20T13:32:20.354793Z,5.56463098526001
UCLYFQMGG1H,2,2,Decline,342,2026-07-20T13:32:36.554869Z,2026-07-20T13:32:28.932197Z,7.62267184257507
UCLYFQMGG1H,2,3,Decline,343,2026-07-20T13:32:48.340234Z,2026-07-20T13:32:38.045555Z,10.2946789264679
UCLYFQMGG1H,3,1,Follow,345,2026-07-20T13:33:11.244711Z,2026-07-20T13:33:02.594066Z,8.6506450176239
UCLYFQMGG1H,3,3,Decline,346,2026-07-20T13:33:20.942089Z,2026-07-20T13:33:13.320559Z,7.62153005599976
UCLYFQMGG1H,3,4,Decline,347,2026-07-20T13:33:33.797652Z,2026-07-20T13:33:22.974066Z,10.8235859870911
UCLYFQMGG1H,5,1,Unfollow,348,2026-07-20T13:35:06.227395Z,2026-07-20T13:35:00.302123Z,5.92527198791504
UCLYFQMGG1H,5,3,Decline,349,2026-07-20T13:35:18.049308Z,2026-07-20T13:35:08.665890Z,9.38341808319092
UCLYFQMGG1H,5,4,Decline,350,2026-07-20T13:35:29.148351Z,2026-07-20T13:35:20.443107Z,8.70524406433106
UCL0ZGVZV11,1,1,Follow,354,2026-07-21T00:39:33.156883Z,2026-07-21T00:39:16.406942Z,16.749941110611
UCL0ZGVZV11,1,2,Follow,355,2026-07-21T00:39:51.846905Z,2026-07-21T00:39:38.496270Z,13.3506350517273
UCL0ZGVZV11,2,1,Follow,357,2026-07-21T00:44:28.824848Z,2026-07-21T00:44:14.193819Z,14.6310288906097
UCL0ZGVZV11,2,2,Follow,358,2026-07-21T00:44:54.459773Z,2026-07-21T00:44:39.208373Z,15.2513999938965
UCL0ZGVZV11,3,2,Follow,360,2026-07-21T00:49:29.543381Z,2026-07-21T00:49:16.154768Z,13.388612985611
UCL0ZGVZV11,3,3,Follow,361,2026-07-21T00:50:09.974477Z,2026-07-21T00:49:56.315275Z,13.6592020988464
UCL0ZGVZV11,3,4,Unfollow,362,2026-07-21T00:51:06.675360Z,2026-07-21T00:50:40.921527Z,25.7538330554962
UCL0ZGVZV11,4,1,Follow,363,2026-07-21T00:51:33.327466Z,2026-07-21T00:51:22.913686Z,10.4137799739838
UCL0ZGVZV11,4,2,Unfollow,364,2026-07-21T00:51:45.201594Z,2026-07-21T00:51:35.637140Z,9.56445407867432
UCL0ZGVZV11,4,3,Unfollow,365,2026-07-21T00:51:55.615929Z,2026-07-21T00:51:47.601899Z,8.01402997970581
UCL0ZGVZV11,4,4,Follow,366,2026-07-21T00:52:13.696482Z,2026-07-21T00:52:01.388857Z,12.3076250553131
UCL0ZGVZV11,5,1,Unfollow,367,2026-07-21T00:52:45.890089Z,2026-07-21T00:52:41.138438Z,4.75165104866028
UCL0ZGVZV11,5,2,Unfollow,368,2026-07-21T00:52:56.004511Z,2026-07-21T00:52:48.998349Z,7.00616216659546
UCL0ZGVZV11,5,3,Follow,369,2026-07-21T00:53:12.042275Z,2026-07-21T00:52:58.931079Z,13.1111960411072
UCL0ZGVZV11,5,4,Decline,370,2026-07-21T00:53:21.362933Z,2026-07-21T00:53:14.317678Z,7.04525494575501
UCLCEUS0U3T,1,1,Follow,371,2026-07-21T08:51:01.123772Z,2026-07-21T08:50:30.833269Z,30.2905030250549
UCLCEUS0U3T,1,2,Follow,372,2026-07-21T08:51:38.028174Z,2026-07-21T08:51:16.790891Z,21.2372829914093
UCLCEUS0U3T,1,3,Follow,373,2026-07-21T08:53:26.363675Z,2026-07-21T08:53:12.827960Z,13.5357151031494
UCLCEUS0U3T,1,4,Follow,374,2026-07-21T08:54:53.885890Z,2026-07-21T08:53:57.331613Z,56.5542769432068
UCLCEUS0U3T,2,1,Follow,375,2026-07-21T08:55:41.840996Z,2026-07-21T08:55:28.976845Z,12.8641510009766
UCLCEUS0U3T,2,3,Follow,376,2026-07-21T08:59:49.670481Z,2026-07-21T08:59:27.334603Z,22.3358778953552
UCLCEUS0U3T,3,1,Unfollow,378,2026-07-21T09:01:00.032403Z,2026-07-21T09:00:30.834465Z,29.1979379653931
UCLCEUS0U3T,4,2,Follow,380,2026-07-21T09:05:57.075348Z,2026-07-21T09:05:32.158917Z,24.9164309501648
UCLCEUS0U3T,4,4,Unfollow,381,2026-07-21T09:06:40.848460Z,2026-07-21T09:06:33.382005Z,7.46645498275757
UCLCEUS0U3T,5,1,Follow,382,2026-07-21T09:10:55.339397Z,2026-07-21T09:10:36.614912Z,18.7244849205017
UCLRS30TB8T,1,1,Decline,383,2026-07-21T13:03:48.390909Z,2026-07-21T13:03:29.421725Z,18.969183921814
UCLRS30TB8T,1,2,Follow,384,2026-07-21T13:05:53.791193Z,2026-07-21T13:05:45.933808Z,7.85738492012024
UCLRS30TB8T,1,3,Decline,385,2026-07-21T13:06:19.509155Z,2026-07-21T13:06:10.985791Z,8.52336406707764
UCLRS30TB8T,1,4,Follow,386,2026-07-21T13:07:08.881284Z,2026-07-21T13:06:57.137431Z,11.7438530921936
UCLRS30TB8T,2,1,Follow,387,2026-07-21T13:10:14.118810Z,2026-07-21T13:08:37.573208Z,96.5456018447876
UCLRS30TB8T,2,2,Follow,388,2026-07-21T13:10:35.200741Z,2026-07-21T13:10:28.625080Z,6.57566094398499
UCLRS30TB8T,3,1,Follow,389,2026-07-21T13:13:17.363734Z,2026-07-21T13:11:34.082679Z,103.281054973602
UCLRS30TB8T,3,2,Follow,390,2026-07-21T13:13:54.470959Z,2026-07-21T13:13:43.723254Z,10.7477049827576
UCLRS30TB8T,3,3,Unfollow,391,2026-07-21T13:14:24.708008Z,2026-07-21T13:14:16.944044Z,7.7639639377594
UCLRS30TB8T,5,1,Decline,393,2026-07-21T13:21:40.683969Z,2026-07-21T13:19:47.394738Z,113.289231061935
UCLRS30TB8T,5,3,Decline,394,2026-07-21T13:22:06.650941Z,2026-07-21T13:21:54.915604Z,11.7353367805481
UCLWFFUNV3X,1,1,Follow,396,2026-07-21T14:39:29.772526Z,2026-07-21T14:39:19.006335Z,10.7661910057068
UCLWFFUNV3X,1,2,Follow,397,2026-07-21T14:39:45.163608Z,2026-07-21T14:39:30.891904Z,14.2717039585114
UCLWFFUNV3X,1,3,Decline,398,2026-07-21T14:39:53.869416Z,2026-07-21T14:39:47.223326Z,6.64609003067017
UCLWFFUNV3X,2,1,Follow,399,2026-07-21T14:40:07.927060Z,2026-07-21T14:39:58.509021Z,9.41803884506226
UCLWFFUNV3X,2,2,Decline,400,2026-07-21T14:40:17.226021Z,2026-07-21T14:40:09.149108Z,8.07691311836243
UCLWFFUNV3X,2,3,Follow,401,2026-07-21T14:40:29.653205Z,2026-07-21T14:40:18.865605Z,10.7875998020172
UCLWFFUNV3X,2,4,Follow,402,2026-07-21T14:40:42.617828Z,2026-07-21T14:40:31.210143Z,11.407684803009
UCLWFFUNV3X,3,1,Follow,403,2026-07-21T14:40:54.926373Z,2026-07-21T14:40:47.771073Z,7.15529990196228
UCLWFFUNV3X,3,3,Unfollow,404,2026-07-21T14:41:21.809169Z,2026-07-21T14:41:14.057599Z,7.75156998634338
UCLWFFUNV3X,3,4,Follow,405,2026-07-21T14:41:35.662722Z,2026-07-21T14:41:23.285043Z,12.3776791095734
UCLWFFUNV3X,4,1,Follow,406,2026-07-21T14:41:49.441193Z,2026-07-21T14:41:40.542304Z,8.89888906478882
UCLWFFUNV3X,4,2,Decline,407,2026-07-21T14:41:57.957780Z,2026-07-21T14:41:50.958024Z,6.999755859375
UCLWFFUNV3X,4,4,Unfollow,408,2026-07-21T14:42:06.219134Z,2026-07-21T14:41:59.599470Z,6.61966419219971
UCLWFFUNV3X,5,1,Unfollow,409,2026-07-21T14:42:19.228081Z,2026-07-21T14:42:11.372613Z,7.85546803474426
UCLWFFUNV3X,5,2,Unfollow,410,2026-07-21T14:42:52.491754Z,2026-07-21T14:42:45.959154Z,6.53260016441345
UCLWA213LXW,1,1,Follow,412,2026-07-22T05:19:52.582343Z,2026-07-22T05:19:44.146684Z,8.43565917015076
UCLWA213LXW,1,2,Follow,413,2026-07-22T05:20:07.035641Z,2026-07-22T05:19:55.739111Z,11.296530008316
UCLWA213LXW,1,3,Decline,414,2026-07-22T05:20:16.041453Z,2026-07-22T05:20:08.898437Z,7.14301586151123
UCLWA213LXW,2,1,Follow,415,2026-07-22T05:20:51.779720Z,2026-07-22T05:20:22.942019Z,28.8377010822296
UCLWA213LXW,2,2,Follow,416,2026-07-22T05:21:09.031253Z,2026-07-22T05:20:54.240963Z,14.7902901172638
UCLWA213LXW,2,3,Decline,417,2026-07-22T05:21:18.703162Z,2026-07-22T05:21:11.147422Z,7.55573987960815
UCLWA213LXW,3,1,Unfollow,418,2026-07-22T05:21:38.742536Z,2026-07-22T05:21:24.880844Z,13.8616919517517
UCLWA213LXW,3,2,Follow,419,2026-07-22T05:22:13.413278Z,2026-07-22T05:22:02.622475Z,10.790803194046
UCLWA213LXW,4,2,Follow,420,2026-07-22T05:22:53.868126Z,2026-07-22T05:22:22.557475Z,31.3106508255005
UCL33ZJQWRY,1,1,Follow,422,2026-07-23T08:35:58.418224Z,2026-07-23T08:35:38.013035Z,20.405189037323
UCL33ZJQWRY,1,2,Follow,423,2026-07-23T08:36:27.048854Z,2026-07-23T08:36:07.494043Z,19.554811000824
UCL33ZJQWRY,1,3,Follow,424,2026-07-23T08:36:59.447887Z,2026-07-23T08:36:29.137698Z,30.3101890087128
UCL33ZJQWRY,1,4,Follow,425,2026-07-23T08:37:55.299294Z,2026-07-23T08:37:29.613316Z,25.685977935791
UCL33ZJQWRY,2,1,Follow,426,2026-07-23T08:38:09.957619Z,2026-07-23T08:38:00.111392Z,9.84622693061829
UCL33ZJQWRY,2,2,Follow,427,2026-07-23T08:38:58.167486Z,2026-07-23T08:38:12.120303Z,46.0471830368042
UCL33ZJQWRY,2,3,Follow,428,2026-07-23T08:39:14.999403Z,2026-07-23T08:38:59.331801Z,15.6676020622253
UCL33ZJQWRY,2,4,Follow,429,2026-07-23T08:39:31.923576Z,2026-07-23T08:39:18.389942Z,13.533634185791
UCL33ZJQWRY,3,1,Unfollow,430,2026-07-23T08:39:57.669495Z,2026-07-23T08:39:44.801485Z,12.8680100440979
UCL33ZJQWRY,3,2,Follow,431,2026-07-23T08:40:58.530407Z,2026-07-23T08:39:59.311856Z,59.2185509204865
UCL33ZJQWRY,3,3,Follow,432,2026-07-23T08:41:11.790344Z,2026-07-23T08:41:00.946306Z,10.8440380096436
UCL33ZJQWRY,3,4,Unfollow,433,2026-07-23T08:41:26.119941Z,2026-07-23T08:41:13.587436Z,12.5325050354004
UCL33ZJQWRY,4,1,Unfollow,434,2026-07-23T08:42:44.391623Z,2026-07-23T08:42:34.794819Z,9.59680390357971
UCL33ZJQWRY,4,2,Unfollow,435,2026-07-23T08:42:58.578211Z,2026-07-23T08:42:46.585746Z,11.9924650192261
UCL33ZJQWRY,5,1,Unfollow,436,2026-07-23T08:43:53.740190Z,2026-07-23T08:43:46.260720Z,7.47947001457214
UCL33ZJQWRY,5,3,Unfollow,437,2026-07-23T08:44:28.453041Z,2026-07-23T08:44:17.435967Z,11.0170741081238
UCL33ZJQWRY,5,4,Unfollow,438,2026-07-23T08:44:42.460538Z,2026-07-23T08:44:31.066272Z,11.3942658901215
UCLJY0QZW9Y,1,1,Follow,439,2026-07-23T13:09:41.889573Z,2026-07-23T13:09:21.479360Z,20.4102129936218
UCLJY0QZW9Y,1,2,Decline,440,2026-07-23T13:10:34.729589Z,2026-07-23T13:10:03.401226Z,31.3283629417419
UCLJY0QZW9Y,1,3,Follow,441,2026-07-23T13:11:16.315919Z,2026-07-23T13:11:04.993499Z,11.3224198818207
UCLJY0QZW9Y,2,1,Follow,442,2026-07-23T13:12:05.769673Z,2026-07-23T13:11:49.832430Z,15.9372432231903
UCLJY0QZW9Y,2,2,Follow,443,2026-07-23T13:13:58.220474Z,2026-07-23T13:13:37.089563Z,21.1309111118317
UCLJY0QZW9Y,3,1,Unfollow,444,2026-07-23T13:14:53.808811Z,2026-07-23T13:14:41.046257Z,12.7625539302826
UCLJY0QZW9Y,3,2,Follow,445,2026-07-23T13:15:30.042654Z,2026-07-23T13:15:16.161918Z,13.8807361125946
UCLJY0QZW9Y,3,3,Decline,446,2026-07-23T13:16:07.558368Z,2026-07-23T13:15:59.975849Z,7.58251905441284
UCLJY0QZW9Y,4,3,Decline,448,2026-07-23T13:18:03.449112Z,2026-07-23T13:17:41.033624Z,22.4154880046844
UCL43JN2Z3V,1,1,Decline,462,2026-07-25T11:36:22.870798Z,2026-07-25T11:36:03.598734Z,19.2720642089844
UCL43JN2Z3V,1,2,Follow,463,2026-07-25T11:37:13.073787Z,2026-07-25T11:36:55.256883Z,17.8169040679932
UCL43JN2Z3V,1,3,Follow,464,2026-07-25T11:39:25.536288Z,2026-07-25T11:37:34.960809Z,110.575479030609
UCL43JN2Z3V,2,1,Decline,465,2026-07-25T11:41:12.399666Z,2026-07-25T11:41:00.599515Z,11.8001511096954
UCL43JN2Z3V,3,1,Unfollow,466,2026-07-25T11:46:11.338032Z,2026-07-25T11:44:58.409581Z,72.9284510612488
UCL43JN2Z3V,3,4,Decline,467,2026-07-25T11:47:57.266480Z,2026-07-25T11:47:43.890195Z,13.3762850761414
UCL43JN2Z3V,4,1,Decline,468,2026-07-25T11:49:05.501580Z,2026-07-25T11:48:02.174491Z,63.3270890712738
UCL43JN2Z3V,4,3,Unfollow,469,2026-07-25T11:50:22.225767Z,2026-07-25T11:50:14.575239Z,7.65052795410156
UCL43JN2Z3V,4,4,Follow,470,2026-07-25T11:50:42.359236Z,2026-07-25T11:50:28.360242Z,13.9989941120148
UCL43JN2Z3V,5,3,Unfollow,471,2026-07-25T11:51:43.899735Z,2026-07-25T11:51:34.085436Z,9.81429886817932
UCL43JN2Z3V,5,4,Unfollow,472,2026-07-25T11:52:56.483420Z,2026-07-25T11:52:48.582269Z,7.90115094184876
UCLB1SIQD7H,1,1,Follow,473,2026-07-25T12:34:34.091592Z,2026-07-25T12:34:20.162121Z,13.9294710159302
UCLB1SIQD7H,1,2,Follow,474,2026-07-25T12:36:59.017500Z,2026-07-25T12:35:04.526173Z,114.491326808929
UCLB1SIQD7H,2,1,Follow,476,2026-07-25T12:41:23.262699Z,2026-07-25T12:39:19.054889Z,124.207809925079
UCLB1SIQD7H,2,2,Follow,477,2026-07-25T12:41:47.717559Z,2026-07-25T12:41:29.550376Z,18.1671831607819
UCLB1SIQD7H,2,3,Follow,478,2026-07-25T12:43:09.947303Z,2026-07-25T12:42:18.532918Z,51.4143850803375
UCLB1SIQD7H,3,1,Follow,480,2026-07-25T12:45:18.311177Z,2026-07-25T12:44:20.067215Z,58.2439620494843
UCLB1SIQD7H,3,2,Follow,481,2026-07-25T12:46:10.090184Z,2026-07-25T12:45:48.526214Z,21.5639700889587
UCLB1SIQD7H,3,4,Unfollow,482,2026-07-25T12:46:55.339361Z,2026-07-25T12:46:40.579921Z,14.7594399452209
UCLB1SIQD7H,4,1,Unfollow,484,2026-07-25T12:49:39.134162Z,2026-07-25T12:49:21.120282Z,18.0138800144196
UCLB1SIQD7H,4,2,Unfollow,485,2026-07-25T12:50:18.354394Z,2026-07-25T12:50:08.552374Z,9.80202007293701
UCLB1SIQD7H,4,3,Follow,486,2026-07-25T12:50:43.432651Z,2026-07-25T12:50:23.926504Z,19.506147146225
UCLB1SIQD7H,4,4,Decline,487,2026-07-25T12:51:19.728695Z,2026-07-25T12:51:08.193050Z,11.5356450080872
UCLB1SIQD7H,5,3,Unfollow,488,2026-07-25T12:54:57.622532Z,2026-07-25T12:54:46.448272Z,11.1742599010468
UCLB1SIQD7H,5,4,Unfollow,489,2026-07-25T12:55:11.982312Z,2026-07-25T12:54:59.726739Z,12.2555730342865
UCLAT9TADY6,1,1,Follow,490,2026-07-26T09:13:45.572294Z,2026-07-26T09:13:12.335450Z,33.2368440628052
UCLAT9TADY6,1,2,Follow,491,2026-07-26T09:14:37.401415Z,2026-07-26T09:13:48.549178Z,48.8522372245789
UCLAT9TADY6,1,3,Follow,492,2026-07-26T09:14:55.725350Z,2026-07-26T09:14:40.350727Z,15.3746228218079
UCLAT9TADY6,2,1,Follow,493,2026-07-26T09:15:28.689599Z,2026-07-26T09:15:03.133757Z,25.55584192276
UCLAT9TADY6,2,2,Follow,494,2026-07-26T09:15:58.573750Z,2026-07-26T09:15:33.368369Z,25.2053809165955
UCLAT9TADY6,2,3,Decline,495,2026-07-26T09:16:16.462347Z,2026-07-26T09:16:03.679426Z,12.7829210758209
UCLAT9TADY6,2,4,Follow,496,2026-07-26T09:16:42.443221Z,2026-07-26T09:16:17.902473Z,24.5407481193543
UCLAT9TADY6,3,1,Decline,497,2026-07-26T09:17:15.270894Z,2026-07-26T09:16:46.278922Z,28.9919719696045
UCLAT9TADY6,3,2,Decline,498,2026-07-26T09:17:28.893190Z,2026-07-26T09:17:17.768211Z,11.124979019165
UCLAT9TADY6,3,3,Decline,499,2026-07-26T09:17:46.041548Z,2026-07-26T09:17:34.527024Z,11.5145239830017
UCLAT9TADY6,4,2,Unfollow,500,2026-07-26T09:18:52.987132Z,2026-07-26T09:18:39.168051Z,13.8190810680389
UCLAT9TADY6,5,2,Unfollow,501,2026-07-26T09:20:14.118366Z,2026-07-26T09:20:06.598328Z,7.52003788948059
UCLAT9TADY6,5,3,Unfollow,502,2026-07-26T09:20:27.732772Z,2026-07-26T09:20:21.322397Z,6.41037511825562
UCLNRA0PN39,1,1,Decline,503,2026-07-26T13:18:42.985194Z,2026-07-26T13:18:34.063628Z,8.92156600952148
UCLNRA0PN39,1,2,Decline,504,2026-07-26T13:18:56.983328Z,2026-07-26T13:18:45.871673Z,11.1116549968719
UCLNRA0PN39,1,3,Decline,505,2026-07-26T13:19:05.826904Z,2026-07-26T13:18:58.158366Z,7.6685380935669
UCLNRA0PN39,1,4,Decline,506,2026-07-26T13:20:13.094026Z,2026-07-26T13:19:48.796409Z,24.2976171970367
UCLNRA0PN39,2,1,Follow,507,2026-07-26T13:20:32.224513Z,2026-07-26T13:20:18.283808Z,13.9407050609589
UCLNRA0PN39,2,2,Follow,508,2026-07-26T13:20:46.959546Z,2026-07-26T13:20:33.843612Z,13.1159341335297
UCLNRA0PN39,2,3,Decline,509,2026-07-26T13:20:55.612020Z,2026-07-26T13:20:48.468933Z,7.1430869102478
UCLNRA0PN39,2,4,Follow,510,2026-07-26T13:21:09.184798Z,2026-07-26T13:20:56.846069Z,12.3387289047241
UCLNRA0PN39,3,3,Follow,511,2026-07-26T13:21:24.334415Z,2026-07-26T13:21:14.230361Z,10.1040539741516
UCLNRA0PN39,3,4,Decline,512,2026-07-26T13:21:32.706946Z,2026-07-26T13:21:25.466691Z,7.2402548789978
UCLNRA0PN39,4,1,Decline,513,2026-07-26T13:21:44.051661Z,2026-07-26T13:21:38.099020Z,5.95264101028442
UCLNRA0PN39,4,2,Decline,514,2026-07-26T13:21:53.262919Z,2026-07-26T13:21:45.254539Z,8.00837993621826
UCLNRA0PN39,4,3,Unfollow,515,2026-07-26T13:22:02.609849Z,2026-07-26T13:21:54.374491Z,8.23535799980164
UCLNRA0PN39,4,4,Unfollow,516,2026-07-26T13:22:14.344717Z,2026-07-26T13:22:04.036819Z,10.3078980445862
UCLNRA0PN39,5,4,Unfollow,517,2026-07-26T13:23:05.014743Z,2026-07-26T13:22:56.935499Z,8.0792441368103
